_TCDiary,_TCDiary.ChurchSeq,_TCDiary.DiarySeq,_TCDiary.InDate,_TCDiary.Title,_TCDiary.Record,_TCDiary.Remark,_TCDiary.LastUserSeq,_TCDiary.LastDateTime
ASPMVC_Practice.Models._TCDiary,1,1390,"2022-12-04 오전 12:00:00","","       
0024
Caleb이 더 완성됐다.
word count, record section 보기 등 완성 되었다.
이제 조금은 만족한다.

0048
강 태경은 조금 우울하다.
사실 항상 우울하다.

강 태경은 질투한다. 
강 태경은 자랑한다.
강 태경은 교만하다.

강 태경은 무너질 것 같다.


0050
임원이 되고 싶었다.
아마 그렇다.
그런데 되지 못 했다.
그리고 다른 형제들이 임원이 된 걸 봤다.
질투?
잘 모르겠다.
아무렇지도 않은건가...
임원이 되고 싶었던 게 아닌가?
임원이 되어서 더 교만해지고 싶었던 것 같은데...


0052
강 태경은 아무에게나 시그널을 보낸다.
최악의 죄다.
찬양대의 여러 자매님들께 시그널을 보낸다.
아무것도 아닌 주제에 혼자 멋있는 척 한다.
한심하구나

나의 아버지
강 태경을 사랑하는 아버지...


0056
어제 총무부가 해체됐다는 소식을 들었다.
총무부가 해체됐으니 희원 자매님이 찬양대로 왔으면 좋겠다고 생각했다.
겉으로 보았을 때, 은아 자매님보다 희원 자매님이 더 가치있어 보이기 때문이다.

강 태경이 보는 희원 자매님이다.
1. 더 어린 나이
2. 교회에서 자주 보이는 모습
3. 강 태경의 죄악도 주님을 의지하며 이겨낼 수 있으실 것 같은 막연한 기대
4. 가난한 강 태경이라도 주님을 의지하며 받아주지 않을까 하는 막연한 기대
5. 초라한 강 태경이라도 가치있게 바라봐 줄 것 같다.

은아 자매님은 다르다.
1. 매일 지각한다.
2. 수요말씀, 집회 안 나온다.
3. 강 태경의 죄악을 아는 순간 거부할 것 같다는 막연한 불안
4. 강 태경의 가난을 거부할 것 같다는 막연한 불안
5. 세상 스펙을 열심히 쌓는 것 같다. 
초라한 강 태경을 알면 거부할 것 같다.

강 태경은 주님을 이용하려 한다.
강 태경은 악하다.


사실 두 분 다 자주 마주친다.
내가 그녀들을 먼저 바라보기에 나를 바라보는 것일 수도 있다는 걸 안다.
그래도 나에게 호감이 있는 건 아닐까? 하는 기대가 있다.


강 태경은 겁쟁이다.
강 태경은 나약하다.


나는... 어설픈 시그널을 그만 보내야 한다.


0151
나는 우선 자야겠지.


1208
임원 발표 중에 잠시 나왔다.
화장실이다.
변비...
과자 많이 먹어서 변비가 생긴듯 하다.


1421
특송 끝났다.
나는 망쳤다.
그래도 내 앞에 마이크가 없어서 다행이었다.
나는 마이크가 없는 곳으로 도망갔다.

나는 도망쳤다.
결국은 도망 친거다.
이것을 변명할 수 없다.


오네시모를 닮아야 한다.
오네시모를 따라가야 한다.
그게 강 태경의 역할이다.


1536
나 자신이 초라해진다.
내가 거할 곳이 없어지는 것에 초라해진다.
나는 도망친다. 
나는 교회 안에 있는다.
숨어서라도 있고 싶다.

두란노, 찬양대실 임원들의 교제가 있어서 비켜주었다.
그리고 지금 관현악실에 홀로 있다.

나는 슬프구나
아무도 오지 않았으면 좋겠다.
그냥 잠시 여기 있다가 가고 싶다.
조용히 집 가고 싶다.

찬양 연습은 못 할 것 같다...


1542
마음이 허한 이유는 뭘까?
왜이리 마음이 허하지?
공허하다.
나의 아버지 이 마음은 왜이리 공허하나이까

도망자이기 때문인가?
도망치고 있기 때문인가?

은아 자매님은 보이지 않는다.
희원 자매님은 보인다. 

은아 자매님은 가족이 코로나 걸려서 못 나오신다고 한다.
은아 자매님은... 아마도 도망간 것 같다.
솔로가 무서워서 도망갔을 수도 있다. 
나의 추측이다.
물론 착각일 수도 있다.
다른 이유일 수도 있다.

1621
피곤허다.
쉬고 싶다는 생각이 많이 든다.
많이 아주 많이 든다.

아버지 왜 이리도 허망한 마음이 드는지요...
왜 이렇게 허무할까요?


2043
식사하고, 샤워까지 했다.

이제 뭐 하지...


2057
최 은아 자매님이랑 같은 부서면 좋겠다.


2058
나는 오늘 도망쳤다.
마이크에서 다시 도망쳤다.
자신이 없었다.
내 목소리가 너무 이상해서 도망쳤다.

자신감이 없는데 연습 자체도 제대로 안 되어 있었다.
어처구니 없는 실수도 했다.
음을 틀린 거다.
크게 틀렸다.
1절의 음과 2절의 음은 달랐는데 그걸 제대로 틀렸다.
1절의 음에서 2절의 음을 했고,
2절의 음에서 1절의 음을 했다.

연습 부족이 여실히 들어났다.

최근 내가 소설 보느라 연습을 안 했기 때문이다.

판타지 소설...
지금도 조금 보고 싶다.
아니 보고 싶다.

지금은 찬양보다 판타지 소설 보는 게 더 재밌다.


2126
소설 보고싶다...
지금까지는 버티고 있다.
말씀을 들었으니까 어찌어찌 버티고 있는 거다.
그냥 참는 거다.


2135
은아 자매님이 어렵다 해서 도망치는 건 비겁하다.


2200
은아 자매님이랑 같은 부서다.
와...
와

좋다.


2210
은아 자매님과 세 번이나 같은 부서다.
18년도
21년도
23년도

이게... 좋다.
이유는 모른다.
그냥 좋다.
바보 같다는 거 알지만 좋다.

23년도에는 결혼 하고 싶다.

예쁘긴 하다.


2219
진짜 별 생각을 다 하는구나
진짜로 별 생각을 다 한다.
바보 같다.


2224
나는 지금부터 돈을 모으면...
결혼은... 되려나...

어떻게 하면 결혼 할 수 있을까?
기도나 하자.
올 해는 결혼 하게 해 달라고


2228
결혼이 문제가 아니다.
강 태경은 사과해야 한다.

나는 살아간다.
소설 보고 싶었는데 그 마음이 사라졌다.
왜냐?
은아 자매님과 같은 부서가 됐기 때문이다.

소설이나 볼까?
잠이나 자는 게 이득이긴 하다.



2251
지금부터 소설 보고 잘거다.
빠이















","",2,"2023-09-30 오후 5:42:15"
ASPMVC_Practice.Models._TCDiary,1,1392,"2022-12-07 오전 12:00:00","","
* 마음 지키기
이유: 221206에 기록함.
계획
1. 매일 잠언 읽기
2. 성경 4장 읽기
3. 암송
4. 찬양

코드는 가장 마지막에 짠다.
충분히 생각하고 짜면 된다.
우선 생각하고 코드 짠다.

충분히 생각하고 움직여야 함.
어떤 상황에서도...


2236
나는 침륜에 빠져 있었다.
아니 여전히 침륜에 빠지고 있다.
그런데 상훈 형제님이 지나가는 듯 말하셨다.

""형제님이 찬양대의 희망인 거 알죠?""
""형제님이 찬양대의 이미지를 개선하고 있어요.""

양심에 찔린다.
어쩌면 아무 의미 없이 한 말일 수도 있다.
그런데... 책임감을 조금 느꼈다.

""나는 뒤로 물러서 침륜에 빠져선 안 된다.""


2359
아까 희원 자매님 뒤에 앉았다.
어쩌다보니 뒤에 앉았다.
처음엔 뒷 모습이 희원 자매님 같다고 생각했는데 정말 희원 자매님이었다.
항상 앞에 앉던 분이라 아니겠거니 생각했지만 희원 자매님이었다.

그걸 알았을 때 ""목소리가 이상하지 않을까?"" 걱정했다.
""성경을 읽는 목소리, 찬양하는 목소리 이상하면 어쩌지?"" 라는 생각을 했다.

""지금 끼시는 안경에 도수가 있네?""
""뒤에서 성경 읽는 내 목소리를 듣고 잠깐 두리번 거리신 건가?""
""혹시 나에게 호감 있으신 거 아닐까?""

이런 생각을 하는 강 태경이었다.

왜 나는 이런 생각을 할까?







","",2,"2023-09-30 오후 5:42:15"
ASPMVC_Practice.Models._TCDiary,1,1444,"2023-02-04 오전 12:00:00","","
휴대폰 일부러 교회에 두고 왔다.
죄 짓지 않기 위해서다.
진작 이럴 걸 그랬다.

4월 29일: 이 정인 형제님, 김 가영 자매님 결혼
2월 24일: 김 원경 형제님께 초대 받음. 
집들이임.
선물 사가기


2148
집 왔다.
1. 샤워한다.
2. 성경 읽는다.
3. 수요말씀을 기록한다.
4. 토요교제 말씀을 기록한다.
5. 내일 찬양을 묵상한다.
6. 찬양을 암송한다.
7. 오늘 있었던 일을 기록한다.
8. 잔다.

휴대폰을 일부러 교회에 두고 왔다.
이러면 됐었네
교회에 두고 오면 되는 거였다.

지금부터 일정을 시작한다.

2354
다 했다.
행복하다.
찬양은 묵상이 되었다.

1. 주 예수 이름 소리 높여
2. 참 빛
3. 팔 복


하루 기록하고 마무리 한다.

0100 ~ 0600: 수명
0600 ~ 1120: 유튜브(포레스텔라, 미라클라스 등)
고 우림의 저음을 계속 따라했다.
되는 것 같았다.
계속 따라했다.
멋있어 보였다.
섹시해보였다.
갖고 싶었다.
그렇게 시간을 흘려 보내다가 급하게 교회 갔다.

1120 ~ 1210: 샤워 후 교회 감
1210 ~ 1230: 원경 b와 식사 및 결혼식 주차봉사.
원경 형제님께 초대 받았다.
감사합니다.
감사합니다.
감사합니다.
1230 ~ 1330: 한 승민 형제님, 원경 형제님과 봉사.
승민 형제님께 말씀 드렸다.
봉사 같이하고 싶다고 말씀 드렸다.
찬양대 수련회 말씀을 전해드렸다.
그리고 지금 찬양대 막내가 필요하다고 말씀드렸다.
대학생이 필요해요.

찬양대 형제라면 지휘를 해야해요.
청년회 부서에 퍼져서 청년 형제 자매님들께 찬양을 알려드려야 해요.
함께 찬양 할 수 있도록 도와야 해요.
그런데 지금 그게 안 돼요.

그래서 청년 팀장님과 테너 파트장님 두 분이 돌가사면서 맡고 계셔요.
힘들어요.
나는 그걸 도울 수 없어요.
실력이 안 돼요.


그리고 우리에겐 다음이 없어요.
신입과 우리 사이의 공백이 너무 커요.
최소한 2 ~ 3년은 찬양해야해요.
지휘도 배워야 해요.
그래야 청년 형제자매님들께 찬양을 알려드릴 수 있어요.
우린 시간이 없어요.

5 ~ 6년 정도면 우린 떠나요.
지금 대학생이 들어와야해요.
승민 형제님 지금 들어오시면 2년은 군대 갈 거에요.
3년 정도 함께 할 수 있어요.
그 기간 내에 빠르게 이어주셨으면 해요.


이렇게 말 했다.
물론 당시엔 더럽게 말 못 했다.
하지만 이렇게 말하고 싶었다.
제대로 전달 됐기를...

1330 ~ 1440: 원경 형제님이 커피 사줌!
함께 소망실 봉사 함.

1440 ~ 1540: 집 가서 안경 챙기고, 옷 갈아입고 다시 교회 옴.

1540 ~ 1600: 어머니 자매님들 봉사 하시길레 시간 남아서 도와드림

1600 ~ 1730: 팔복 남성중창 연습함.
조금 걱정 됐음.
싸우시는 것 같았다.
주 현태 형제님과 부 지휘자님
나의 아버지.
두 형제님의 마음을 지켜주세요.
우리가 당신을 위한 찬양을 할 수 있도록 도와주세요.


1730 ~ 1810: 청년 형제님들과 참빛 연습?
이때 조금 죄 지었다.
나의 착각일 수도 있지만,
판단으로 죄 짓는 것 같다는 생각이 들지만 이곳에 적는다.

성진 형제님...
성진 형제님이 자매님들 앞에 잘 보이려는 것 처럼 느껴졌다.

성진 부팀장님이 종한 형제님의 찬양을 봐주셨다.
어떻다 어떻다 말하셨다.
그런데 그곳에 청년 찬양대 자매님들이 거기 있었다.

나의 아버지.
만약에 만약에 성진 부팀장닝미 그런 마음을 갖고 있다면...
그를 사랑으로 용서해주세요.
나는 그를 정죄할 수 없습니다.
나도 그러니까요.
자매님들 앞에서 멋있는 척 하니까요.
그러니 아버지.
우리를 사랑으로 안아주세요.
그리고 옳은 길로 인도해주세요.


하나 더 있다.
성진 부팀장님이 나를 질투하시는 것 같다.
나는 그 태도에 화가 나서 조금 톡 쏜 것 같다.
아버지 죄송합니다.
강 태경이 부팀장님께 실수하지 않도록 도와주세요.
우리를 화평케 해주세요.

1810 ~ 1850: 식사 함.
1850 ~ 2050: 전체교제 함. 
송 연식 목사님 말씀 해주심.

말씀 듣는동안 방귀 뀌고 싶었음.
오줌 마려웠음.
마치는 기도하면 나가야지? 
라는 생각 들었음.

그래서 안 나가고 끝까지 버팀

끝까지 버텼음.
왜?
마귀의 방해라 느껴졌다.


2058 ~ 2140: 걸어서 집 옴.

2140 ~ 0000: 샤워 후 오늘 할 일 모두 마치고 정리함.

나의 아버지.
이렇게 행복한 하루를 주셔서 감사합니다.
:)


이 희원 자매님이 보인다.
언제나 교회에 계시는 자매님이 보인다.
이전부터 보였다.
하지만 은아 자매님에 대한 고집 때문에 외면하려 했다.

희원 자매님은 언제나 계신다.
아름다우시다.
나이도 나보다 여섯살이나 어리시다.

내가... 자격이 되지 않는다는 건 안다.
누구에게도 말 못 할 죄가 있다.
아주 큰 죄가 있다.
능력이 없다.
외적으로 볼품 없다.
주님을 따라가면서도 계속 죄에 한눈 판다.

하지만 희원 자매님과 교제하고 싶다.
교제 해보고 싶다.
마지막 하계수양회
하계 수양회 때 구원 확신하신 희원 자매님의 어머니 권 태연 자매님
하계 수양회에서 구원 받으신 나의 어머니 이 인정 자매님

그때 희원 자매님이 크게 눈에 들어왔다.
홀로 애쓰는 그 모습이 눈에 들어왔다.


나의 아버지.
이번 대집회가 끝나면 결혼에 대한 상담을 하려 합니다.
나의 그 죄가 아닌 결혼에 대한 상담은 아직 못 하겠습니다.
언젠가 결혼하고 싶은 자매님을 만나면 
결혼을 고백하기 전에 반드시 털어놓겠습니다.
내가 현경이와 준서에게 지었던 그 죄를 털어놓겠습니다.
그러니 그런 강 태경을 확실히 알고 도와주실 자매님을 주세요.


나의 살중의 살 뼈중의 뼈가 되실 자매님을 바랍니다.
나의 말 못할 비밀을 함께 할 자매님을 바랍니다.
당신이 내게 보여주신 희원 자매님께 마음이 갑니다.

그저 그녀의 아름다운 외모에 끌린 걸 수도 있습니다.
그저 그녀의 어린 나이에 욕심이 생긴 걸 수도 있습니다.
그저 나의 비밀을 알고도 나를 내팽게치지 않을 것 같다는 마음 때문일 수도 있습니다.

그렇지만 아버지.
이미 마음이 가버렸습니다.
희원 자매님을 봅니다.

약속 하겠습니다.
자매님들께 추태부리지 않겠습니다.
그리고 희원 자매님이 대학을 졸업하시기 전까지 당신이 주시는 연단을 받겠습니다.//그래도 좋은 직장 주시면... 좋을 것 같아요.
아버지
나의 마음을 보시는 아버지.
추악했던 강 태경을 바꾸고 계신 아버지.
나를 아주 많이 사랑하시는 아버지.
희원 자매님과 가정을 이루고 싶습니다.
허락 해주세요.























","",2,"2023-09-30 오후 5:42:15"
ASPMVC_Practice.Models._TCDiary,1,1445,"2023-02-05 오전 12:00:00","","
1802
갑자기 찬양이 나오지 않는다.
찬양이 나오지 않는다.

얼굴을 씻고 머리에 기름을 발라야 하는데
그걸 아는데 안 된다.

나의 아버지
갑자기 힘이 빠집니다.
이유를 모르겠습니다.
왜 그런 걸까요?
왜죠?
왜 나는 이리도 둔한 거죠?

하...
도망치고 싶다.
혼자 있고 싶다.

피곤하고 힘들다.


머리는 멍하고 따라가질 못 하겠다.
따라가질 못 하겠다.
음이 안 맞아.
음이 안 맞는다.
나의 귀는 정상이다.
나의 목은 정상이다.
그런데 왜 안 되는거냐?
연습을 안 하니까 안 되는 거지.
혼자 겉멋 들어서 낮은 음만 하니까
음을 모르게 된 거 아니냐

연습하면 되는 거다.
이게 답일 거다.


1832
힘이 쭉 빠진다.
왜지?
잠을 못 자서인가?
아마 잠을 못 자서인 것 같다.
잠을 못 잤으니까 이러는 거 아닐까?
잠 별로 못 잤다.
그래서 그런 것 같다.


1836
이제 집 갈까?
슬슬 갈까?
걸어갈까?
버스탈까?
어떡하지?
어...

2209
나 음 잡을 수 있는 건가?
미, 파 라면 잡을 수 있을 것 같은데...
한 두 번 해본 게 아니다.
이거 절대음으로 둘 수 있을 것 같은데


2359
내가 낼 수 있는 음.
듣는 음은 다른 거다.

내가 입으로 그 음을 낸다.
그 후에 듣는다.
그러면 된다.
녹음 하자.
E2 ~ B4 까지 녹음 하자.


하루가 확실히 끝났다.
마음 앞픈 하루였다.
그냥 마음에 걸리는 게 많았다.

잠은 잘 못 잤다.

찬양은 말아먹었다.

그냥 우울했다.

소리를 낼 자신이 없었다.
위축되었다.
도대체 왜이렇게 못할까?
그러면서 왜 그렇게 잘난 듯 떠들고 다녔을까?
왜 할 수 있다고 말했을까?

저음 못 한다.
중음, 고음 부분에서 성대를 다 갉아먹는다.
그래서 저음이 안 난다.


0840: 기상
0840 ~ 0900: 머리 감고 택시탄 후 교회 감
0900 ~ 1040: 찬양 연습
0145 ~ 1220: 송 연식 목사님 말씀
1220 ~ 1340: 김 상철 파트장님이 햄버거 사주셨음.
1340 ~ 1400: 휴식 및 성진 부팀장님 판단함.
""참 빛 그게 뭐가 중요한데?
그거 못 하겠으면 다른 찬양 하는 게 당연하지.
괜히 참 빛이 더 멋있어 보이니까 하려고 하는 거구나?
이따위 생각을 함.""
교만의 끝이네
1400 ~ 1540: 찬양대 월례회
1540 ~ 1600: 휴식 
이때 은아 자매님의 차가운 눈을 봤다.
아마... 어쩔 수 없는 거다.
1600 ~ 1715: 찬양대 연습
1715 ~ 1735: 대집회 얼요일 특송 확인
가장 힘들었다.
자신감을 잃었다.
내가 들어도 너무 못 한다.
참 빛
이 찬양을 못 하겠다.
앞으로도 못 할 것 같다.
소프라노 
못 하겠다.
나때문에 참 빛을 특송에서 못 하는 거다.
내가 너무 못 해서 그렇다.

녹음을 들었다.
나만 노래한다.
그런데 더럽게 못 한다.
짜증난다.
열받는다.
이젠 못하겠다.

1735 ~ 1800: 팔복 특송
소리를 내다 안 내다 했다.
소리가 이어지지 않는다.
이유는 모른다.
힘든 척 하는거냐?

머리에 기름을 바르고 얼굴을 씻어야 하거늘
대놓고 힘든 척 한 건가?

1800 ~ 1900: 우울 + 팔복 연습
우울했다.
그냥 앉아 있었다.
컴퓨터 꺼내서 일과 좀 기록하려다 말고... 그랬다.

집 가려는데 권 해인 자매님이 피아노 연습하시는 걸 들었다.
반성?
자극?
다시 관현악실로 들어갔다.
팔복을 연습했다.
1900까지 연습하고 집 갔다.
집까지 걸어갔다.

2000 ~ 2100: 뒹굴거림.

2100 ~ 2200: 권 정민 DB 알려줌.
엄청 헤맸다.
2200 ~ 2300: 뒹굴거리다가 밥 먹음
2300 ~ 2359: 샤워하고 누워서 성경 읽음.


희원 자매님 정 솔 자매님과 같이 앉아계신 걸 봤다.
찬양 시작 전 찬양대를 바라보셨다.
하...
내가 처다보는 걸 의식하고 바라보신 거라 생각한다.







","",2,"2023-09-30 오후 5:42:15"
ASPMVC_Practice.Models._TCDiary,1,1450,"2023-02-11 오전 12:00:00","","
0906
침륜에 빠져있을 때가 아니었다.
이 희원 자매님 졸업 하셨다.
강 태경은 어서 이직해야 한다.
이직 준비를 마무리 하자.
한 달 이내로 이직한다. 
그리고 목사님 찾아뵈러 간다.

샤워하고 밥 먹고 바로 교회간다.


1153
교회와서 성경읽기, 만나 다 했다.
그리고 직므 태우형제님 레슨 받는 거 구경하고 있다.


1402
레슨 받고, 점심(순대국) 먹고 옴.
이제 슬슬 공부하려 한다.
이젠 정말 공부 할 거다.
나의 사랑하는 아버지.
강 태경이 하루 빨리 이직할 수 있도록 도와주세요.
이직은 하되 급하지 않게 하도록 도와주세요.
강 태경이 뼈중의 뼈, 살중의 살이 되실 자매님과 가정을 이룰 수 있을 정도의 연봉을 바랍니다.
구체적으로 연봉이 최소 3,600 만원은 넘었으면 합니다. 
도와주세요.


2255
하루가
이 하루가 끝나간다.
마무리 되어간다.

나의 사랑하는 아버지.
나를 사랑하는 아버지.
내가 사랑하는 아버지.

오늘 휴대폰 두고 왔습니다.
내일 최대한 멋있는 모습으로 당신 앞에 설 수 있도록 도와주세요.

우리 준호 구원해주세요.
말씀 제대로 듣고 구원 받을 수 있도록 도와주세요.


월요일에 아침부터 조금 바쁘겠네


2319
목이 조금 안좋다.
오늘 찬양대실에 휴대폰을 두고 왔다.
일부러 두고 왔다.
나의 사랑하는 아버지. 
강 태경이 휴대폰을 통한 죄로부터 자유로워 질 수 있도록 도와주세요.
간절히 기도드립니다.


2327
하루가 행복했던 것 같다.
그래
행복했다.

목은 많이 쉬었다.
하지만 찬양할 수 있었다.
그러니까 행복했다.


2331
찬양.
찬양을 하고 싶다.
노래가 아닌 찬양을 하고싶다.
저음에 대한 집착을 버리자.


2336
할 일이 있다.
암송과 찬양 외우기.

진짜진짜 외울 게 많다.

후...

아침찬양

주의 확실한 약속의 말씀 듣고
주만 믿으면 구원을 얻으리라

나의 갈 길이 사납고 위험하나
항상 예수의 도우심 믿고 가네

예언자들과 왕들도 반영대로
금길 따라서 나아와 찬송하네

우리 모두다 그 반열 뒤따르며
함께 즐거운 찬송을 부르리라

할렐루야 할렐루야 내가 예수를 믿어
그의 흘리신 피로 내 죄 씻었네
할렐루야 할렐루야 내가 예수를 믿어
그의 흘리신 피로 내 죄 씻었네


집회 월요일
달고 오묘한 그 말씀 생명의 말씀은
귀한 그 말씀 진실로 생명의 말씀이
나의 길과 믿음 밝히 보여주니

귀한 그 말씀 내 노래 제목이 되도다.
모든 사람에 복 주는 생명의 말씀을
값도 없이 받아 생명길을 가니

널리 울리고 퍼지는 생명의 말씀은
맘에 용서와 평안을 골고루 주나니
다만 예수 말씀 들어 복을 받네

아름답고 귀한 말씀 생명샘이로다.
아름답고 귀한 말씀 생명샘이로다.


2359
직장 구한 후 바로 신상명세서 낸다.
그리고 전도인께 말씀 드릴거다.
희원 자매님과 교제 해보고 싶다고 말씀 드릴거다.
나의 사랑하는 아버지.
허락 해주시면 감사하겠습니다.











","",2,"2023-09-30 오후 5:42:15"
ASPMVC_Practice.Models._TCDiary,1,1452,"2023-02-13 오전 12:00:00","","

0100 ~ 0840: 수면
0840 ~ 1100: 식사 및 찬양듣기 
1100 ~ 1200: 치과 다녀옴. 
1200 ~ 1410: 소설 봄 + 자위 함.
1410 ~ 1440; 샤워 및 출발
1440 ~ 1540: 준호네 집 도착함.
1540 ~ 1646: 성경읽기 + 준호 기다리기


1646
힘들구만
준호 데리러 왔다.
데리러 오는 과정에서 내가 지각했다.
하지만 준호는 자고 있었다.
그래서 어찌어찌 넘어갈 수 있을 것 같다.

준호는 계속 경철과 전화하고 있다. 

하...갑갑하구만
나의 사랑하는 아버지.

오늘 준호가 말씀 듣습니다. 
나의 아버지.
준호가 말씀 듣는 과정에서 아무런 방해가 생기지 않도록 도와주세요.

찬양대의 찬양은 대집회의 시작입니다.
나의 사랑하는 아버지.
우리들의 찬양을 듣는 사람들의 마음을 열어주세요.
간절히 부탁드립니다.

우리의 문제로 인해 말씀 듣는 영혼들이 무너지지 않도록 도와주세요.


2302
집 도착했다.

찬양은 잘 됐다.
준호 전도... 조금 힘들지만 잘 됐다.

이제 나만 정결하면 된다.

소설 그만 보고
자위 그만하고 
정결한 생활을 유지하면 된다.

나의 사랑하는 아버지.
강 태경이 정결할 수 있도록 도와주세요.
간절히 부탁드립니다.


2315
준호에게만 집중해도 모자랄 시간인데 희원 자매님께 계속 시선이 간다.
식사를 할 때, 찬양 할 때, 청소할 때, 기도모임 할 때 
나의 시선은 희원 자매님을 찾았다.
곁눈질 한다.

나의 아버지.
이런 강 태경이지만 봐주세요.
당신이 보여주시는 자매님께 계속 눈길이 가고 있습니다.
이런 강 태경이 전도하는 거지만 준호가 구원 받을 수 있도록 도와주세요.
이렇게 한눈 팔고 있지만 준호 전도에 차질이 생기지 않도록 도와주세요.
간절히 부탁드립니다.


서부교회도 지금 대집회중이라 하신다. 
그곳에 준호를 데려가면 된다. 
그럼 된다.
희원 자매님께 한눈팔지 않을 수 있다.
준호 전도에만 집중할 수 있다.
어머니도 전도를 도와주고 계신다.
나의 사랑하는 아버지.
감사합니다.
:)


2337
나는 행복하고 싶다.
나는 이제 미래를 본다.
나의 뼈중의 뼈, 살중의 살이 되어주실 자매님을 바란다.
나의 아버지는 분명 준비해 두셨을 거다.
나는 이리도 작고 초라하지만 준비 하셨을 거다.
무대에 올라갈 때마다 느낀다.
이리도 부족하거늘 아버지가 돕고 계심을 느낀다.
우리의 찬양은 그곳에서 완성된다.


2347
나의 입에서 나오는 찬양
그것은 나의 것인가?
아버지께서 내게 맡겨주신 것이다.
아버지께서 나를 사용하시는 것이다.
찬양할 수 없는 소리로 아름다운 찬양을 만드신다.

나의 사랑하는 아버지. 
나를 사용해주소서.
간절히 바랍니다.


2351
결혼하고 싶다.
나는 어떤 자매님을 바라는 걸까?
1. 예쁘면 좋겠다.
2. 나보다 나이가 어렸으면 좋겠다.
3. 교회 잘 나오면 좋겠다.
4. 사근사근 했으면 좋겠다.
5. 밝은 분이면 좋겠다.
6. 나를 남편으로 섬겨주면 좋겠다.
7. 나의 비밀을 알아도 나를 사랑해주면 좋겠다.

이곳에 하나님은 없네?

그래도 가장 솔직한 나의 마음이다.
나의 아버지 나의 마음입니다.

당신은 만홀히 여김을 당하지 않으십니다.
나의 속 마음은 이미 알고 계셨습니다.
나는 이제 나의 진심을 알아가고 있습니다.

나의 아버지.
올바른 길을 보여주세요.






","",2,"2023-09-30 오후 5:42:15"
ASPMVC_Practice.Models._TCDiary,1,1453,"2023-02-14 오전 12:00:00","","
0016
나는 두려워 한다.
주님이 지금 내가 원하는 것이 아닌 다른 걸 주실까봐 두려워 한다.
나는 지금 희원 자매님을 원한다.
그런데 다른 자매님을 주실까봐 걱정한다.


왜일까?

주님은 내가 원하는 걸 주지 않으셨나?

지금 내가 원하는 걸 주지 않으시다가 다른 걸 주신 적이 많다고 느껴진다.
물론 나는 만족 했던 것 같다.

다른 자매님을 주시더라도 만족 할텐데... 그저 걱정이 앞선다.
혹시나 만족하지 못할까봐 그렇다.


세상에 천사는 없다.
모두 문제가 있다.
그 중 강 태경에게 가장 맞는 적당한 자매님을 보여주실 거다.


0225
나를 사랑하시는 아버지.
잠이 오지 않습니다.
자고 싶은데 잡생각이 마구 떠오릅니다.
아버지.
재워주세요.


~ 0730: 기상
0730 ~ 0800: 샤워
0800 ~ 0830: 독서실 옴
0830 ~ 1000: 아침 먹고 옴

1020
약을 안 가져왔다.
오늘 하루 회복하는 시간이 될 것 같다.

커피는 마시지 않을 생각이다.
나의 사랑하는 아버지 강 태경을 회복시켜주세요.

계획부터 세울까?
우선 TwoMites부터 살린다.
TwoMites를 살리고 업그레이드한다. 

TwoMites Git에 올려둠.


1051
잠을 제대로 못 자서인가...
무진장 졸립다.


1208 ~ 1311: 식사하고 양치함.
흠...

1311
그냥 시간만 보내고 있다.
뭘 해야하지?
이력서 써야지 뭘 하노
-_-


1328
준호 말씀 이어서 들을 수 있게 됐다.
일은 안 간다고 한다.
아버지.
감사합니다.


1332
준호가 온다.
준호가 오는데 나는 재정신이 아니어서 되겠는가?
안 된다.

정신을 가다듬어라.
강 태경
정신 차려라.

그런데 준호가 여기로 오는 게 맞나???
자매님들한테 껄떡거릴 거 같은데...
내 동생이니 충분히 가능해보인다.

목요일부턴 서부교회로 보내?


1500
크...
백준 두 문제 풀었다.
브론즈 5레벨문제다.
나는 고수다.


1521
조금 잤다.
피곤하다.


1625
브론즈 5레벨 문제 많이 풀었다.
나는 고수다.

실버랑 골드 문제를 풀 수 있어야 하는데 이거 참...
브론즈는 코테 전 연습용으로 풀어야겠다.
너무 많이 풀어버렸다.


1629
할 일
1. 이력서 마무리(제일 중요)
2. 코테준비 //조금 설설 해도 됨.
3. 포폴 
4. 면접 준비


브론즈 5레벨 문제 풀면서 놀 때가 
맞긴하지
코테준비긴 하니까 이런거라면 조금 놀아도 된다.

그래도 조금 더 가치있는 걸 하자.


1659
하루를 어떻게 보내야 할까?
이제 조금 있으면 교회 가야한다.
마무리 잘 하자 강 태경
오늘 한 일을 기록하자.
이직하는 과정에서 오늘 한 일을 기록하자.
이직에 필요한 일 중 무엇을 했는지 정확히 기록하는 거다.


1726
apple 아이디로 JIRA 계정 하나 더 만들었다.
이거로 이직준비 하면 된다.
더해서 Practice 같은 것도 가능하면 여기서 관리하자.









","",2,"2023-09-30 오후 5:42:15"
ASPMVC_Practice.Models._TCDiary,1,1454,"2023-02-15 오전 12:00:00","","
0932
갈 곳이 없다.
아니 없었다.
연수 도서관은 매 주 수요일에 휴관이라 한다. 
그래서 어딜 가야하나 한참 고민했다.
교회 가기로 했다.
부끄럽지만 누굴 만난다면 위축될 것 같지만 그래도 교회로 간다.
우선 교회 근처 맘스터치에서 아침 먹고 갈 거다.

나의 사랑하는 아버지.
교회에 숨어들고 싶은 마음이 있습니다.
하지만 아버지...
만약에 강 태경이 교회 사람들을 만나더라도 마음 편하게 있을 수 있도록 도와주세요.
아멘


좋은 직장.
강 태경과 함께하실 자매님과 가정을 꾸릴 수 있을 정도의 월급을 주는 직장
형제로서 가정을 책임질 수 있을만큼의 월급을 주는 직장
향후 30년은 안전한 직장


나의 기도
강 태경을 사랑하시는 아버지.
강 태경이 육신의 정욕과 싸워 이길 수 있게 도와주세요.
강 태경이 제대로 사과할 수 있게 도와주세요.

강 태경이 개발을 잘할 수 있도록 지혜와 능력과 용기와 힘을 주세요.
강 태경의 개발이 당신을 위해 사용될 수 있도록 도와주세요.
강 태경이 개발에 흥미를 가질 수 있게 도와주세요.

강 태경을 통해 강 대헌과 권 정민과 이 준호를 구원해주세요.

강 태경이 찬양을 잘할 수 있도록 지혜와 능력과 용기와 힘을 주세요.
강 태경의 찬양을 통해 누군가 위로받고 힘을 얻으며 예수님이 영광 받으실 수 있도록 도와주세요.
우리들의 찬양을 통해 누군가 위로받고 힘을 얻으며 예수님이 영광 받으실 수 있도록 도와주세요.
우리들의 찬양에서 예수님이 보일 수 있게 도와주세요.

강 태경이 곧 오실 당신을 잊지 않고 살아갈 수 있도록 도와주세요.

강 태경이 시간을 아낄 수 있도록 도와주세요.
좋은 직장을 주세요.
강 태경과 결혼할 자매님과 한 가정을 꾸릴 수 있을만큼의 월급을 주는 직장을 주세요.
되도록 연봉이 3600만원은 넘었으면 좋겠습니다.
가까운 직장을 주세요.
집회 때 리허설 한 후 찬양할 수 있을 정도로 가까운 직장을 주세요.
마음이 편해지는 직장을 주세요.
강 태경이 자신을 잃지 않을 수 있는 직장을 주세요.


강 태경의 뼈중의 뼈, 살중의 살이 되어주실 자매님을 보내주세요.
희원 자매님이었으면 좋겠습니다.

강 태경을 사랑하시기에 용서와 구원주신 예수님 이름으로 기도드렸습니다.
아멘


0946
시간이 남는데 이 시간을 아껴야 한다.


1035
준호와 대화 끝냈다.
오늘 오기로 했다.

1044
교회 안에 숨어있는 게 옳은가?
옳지 않다.
내 생각이지만 옳지 않다.

이 성진 부팀장님께 같이 말씀들어 달라 도움 청했다.
함께 전도하면 좋겠다.


1145
12시에 송 윤나 자매님 연습한다고 하신다.
그때 자리 비켜드리자.
11시 55분쯤 나오면 될듯 하다.

1155 지금 나왔다.
이따 1300에 다시 들어갈 생각이다.

1356
화장실 갔다가 하군호 목사님을 만났다.
하...
부끄럽구만 직장 문제로 조금 횡설수설 해버렸다.

아버지 부끄럽습니다.
이런 형제라서 부끄럽습니다.

목사님은 나를 어떻게 보실까?
왜 일을 안 해?
라는 생각 하지 않으실까?
""요즘 것들은"" 이라는 생각하지 않으실까?
라는 걱정이 든다.

나의 사랑하는 아버지.
당신의 아들은 약합니다.
이미 아시겠죠.
도와주세요.

1405
부끄럽지만 이게 사실이다.
나는 회사에서 해고됐다.
사실이다. 

그렇지만 그렇다해서 내가 교회에서 숨을 이유는 되지 않는다.
나의 아버지가 나를 인도하신다. 
그러니 숨지 말자.

나의 사랑하는 아버지. 
좋은 직장을 바랍니다.
강 태경에게 직장을 주세요.


1454
이 세상은 외롭다.
정말로 많이 외롭다.

나의 고통을 알아주실 분이 당신밖에 없습니다.
오직 당신만이 볼 수 있다면 왜 인생에 짝을 만드셨나요?
성적인 것만 해결하려는 게 아닙니다.
정신적으로 도움받고 싶습니다.

나는, 강 태경은 나약합니다. 
금방 지칩니다. 
오로지 당신만 바라보게 만드셨다면 가족은 왜 필요한가요?
내게 의지할 수 있는 자매님을 주세요.
나를 지지해줄 나의 자매님을 주세요.
나를 남자로 세워줄 자매님을 주세요.


1530
나의 아버지는 어째서 인생을 이렇게 외롭게 만드셨을까?
나는 이 인생을 얼마나 더 버틸 수 있을까?
나의 돕는 베필은 있을까?
내가 지어온 죄가 너무 많아서 못 주시는 거겠지...

1630
웃기는 일인가?
나 신상명세서 낸 적도 없다.
그런데 왜 돕는 베필을 안 주시냐고 칭얼댄다.

웃기는 일이구만


2333
힘들다.
힘들어.
찬양할 때 크게 실수했다.
물론 소리가 티나진 않았지만 나는 봤다.
나의 입만 멈춰있는 걸.

나는 자신 없다.

준호는 말씀 듣는동안 계속 나간다. 
장염이니까 나가도 괜찮다는 듯이 나간다.
거짓말이겠지
준호는 이제 말씀 안 듣는다고 한다. 
일요일만 오라 했다.
상담 연결 해봐야겠다.


오늘 김 영진 목사님과 만났다.
결혼 얘기를 꺼내셨다.
나는 3월 12일 까지만 회사 다닐거라 지금은 안된다고 말씀 드렸다.
미래가 불확실하다.
그래서 안 된다.



나는 왜 찬양을 실수했을까?
자세를 신경썼다.
덩치 좋은 형제님들 사이에서 어깨가 좁아보이지 않을까?
몸이 계속 앞으로 쏠리는데 거북목이 너무 보이지 않을까?
이런 신경을 썼다.
왜?
희원 자매님이 보고 있다 생각하니까 그렇다.


이 희원 자매님
시간이 지날수록 아름다워 지신다.
그럴수록 초조하다.



나의 사랑하는 아버지
강 태경은 여유를 갖고 싶습니다.
강 태경을 쉬게 해주세요.
회복할 수 있도록 도와주세요.




























","",2,"2023-09-30 오후 5:42:15"
ASPMVC_Practice.Models._TCDiary,1,1455,"2023-02-16 오전 12:00:00","","
0100 ~ 0920: 수면
0920 ~ 1000: 독서실 출발
1000 ~ 1108: 성경읽기, 만나, 아침기도
1108 ~ 1240: 공부(TwoMites DB 복구)
1240 ~ 1300: 식사
1300 ~ 1700: 공부(성경 DB에 넣기)
1700 ~ 1830: JIRA에 앞으로 계획 추가
1830 ~ 1705: 교회로
1705 ~ 1725: 식사
1725 ~ 2200: 말씀
2200 ~ 2220: 청소
2220 ~ 2240: 집으로
2240 ~ 2319: 샤워 및 말씀듣기

1743
어느정도로 고쳐야할지 감이 오지 않는다.
대량으로 고쳐야 할 것 같긴 한데
어디서부터 손대야 하지?
내일 할 일 기록해두자.


2242
하루가 끝나간다.

2255
기도 끝냈다.
오늘 잘한 게 있다.
내가 휴대폰을 교회에 두고 온 것이다.
덕분에 죄로부터 안전하다.

샤워 하고 자는 게 맞는 것 같다.
샤워하고 다시 말씀 듣겠음.
그리고 오늘 하루 일과 정리하고 잘거다.


2320
이 희원 자매님 생각하면 빠르게 직장 구하고 싶다.
마음이 급한데 내가 마음 급하다 해서 할 수 있는 건 없다.
마음이 급해서 일을 그르칠 가능성이 매우 높다.
그러니 지금처럼 이 희원 자매님을 보면 안 된다.


2328
나의 아버지.
사랑하는 아버지
기다리겠습니다.
잠잠히 해야할 일을 하며 기다리겠습니다.
나의 아버지.
이 희원 자매님과 교제할 수 있도록 도와주세요...

2331
저녁 먹을 때 원석 형제님이 왜 교회, 일터, 공부할때만 안경 끼는지 물어보셨다.





","",2,"2023-09-30 오후 5:42:15"
ASPMVC_Practice.Models._TCDiary,1,1456,"2023-02-17 오전 12:00:00","","
0140 ~ 0640: 수면
0640 ~ 0700: 세면 및 식사
0700 ~ 0730: 독서실 출발
0730 ~ 0830: 성경 및 만나
0830 ~ 1137: 코테문제풀이:프로그래머스 lv0. 옹알이, 프로그래머스 lv1. 개인정보 수집 유효기간
1137 ~ 1204: 식사 및 양치
1204 ~ 1440: 라인 1번 질문 답변
1440 ~ 1502: 회사들 보는 중
1502 ~ 1650: 회사 알아보기 + 회사에서 프로젝트 소개
1650 ~ 1720: 교회로
1720 ~ 1815: 찬양 음 맞추기 연습 + 토요일 합창 연습
1815 ~ 1915: 식사 및 교제: 정 하늘b, 김 민건b, 강 서준b, 서준b의 전도대상 음료수 대접함.
1915 ~ 1938: 어머니와 교제 및 말씀 전 찬양 들음.
1938 ~ 1950: 화장실
1950 ~ 2220: 주차봉사
2220 ~ 2300: 원석 b가 데려다 주심
2300 ~ 2330: 라면 먹음
2330 ~ 2350: 뒹굴거림

1204
3시간 넘게 두 문제 풀었다.
음... 문제가 있어 보인다.


1513
한국 단자공업도 신청 넣어봐야겠다.


2350
슬슬 샤워하고 와야겠다.
샤워 한 후에 오늘 하루 정리해야지.

내일은 일어난 직후 샤워하고 교회 간다.
지금은 머리만 감고 자야겠다.
몸에 물칠은 하면서 머리 감아야겠음.

2359
그냥 샤워를 하고 왔음.
하루가 끝나간다.
오늘 하루를 기록한다.

교회 가서 연습했다.
간단한 음 연습을 했다.
그런데 가래가 많이 꼈다.

지금은 가래가 많이 낀다.
목 상태가 좋지 않다.

김 강희 자매님이 들어오셔서 나왔다.
나와서 내일 있을 찬양 연습 했다.

청년 부서 형제님들께 식사 같이하자고 단톡했다.
답은 없었다.
청년 찬양대 형제님들께 식사 같이하자고 단톡했다.
답은 없었다.

그래서 1815에 혼자 갔다.
혼자 식사하려는데 정 하늘 형제님이 계셨다.
그래서 같이 식사했다.
정 하늘 형제님은 주차봉사 하신다고 했다.
그래서 커피를 대접했다.
내가 마실 유자차도 가져왔다.
그런데 정 하늘 형제님 옆에 김 민건 형제님이 계셨다.
그래서 내 유자차를 드렸다.

식사를 다 했다.
강 서준 형제님과 전도대상자를 봤다.
아이스커피와 복숭아 아이스티를 대접했다.

나는 히비스커스 차를 샀다.


저녁 먹을 때 
이 희원 자매님을 신경썼다.
나와 엄청 거리를 둬서 식사하시는 걸 보고 마음이 안 좋았다.
역시 내가 너무 부담스러운 걸까?
하는 생각이 들었다.

신경이 쓰였다.
많이 쓰였다.

나는 나이가 많다.
그래서일 수도 있다.
이런 내가 좋아하니까 부담스러운 걸 수도 있다.
그리 생각하니 마음이 슬프다.


김 영진 목사님이 결혼 기도를 하라 하셨다.
나는 준비가 안 됐다고 말씀드렸다.
목사님은 준비는 절대 안 된다고 말하신다.
어느정도 마음의 준비가 되면 오라고 하신다.

우선... 새로운 직장부터 들어간 후에 찾아가야겠다.
가기 전에 이성관 말씀 5편 정도 들어야지


결혼이라...











","",2,"2023-09-30 오후 5:42:15"
ASPMVC_Practice.Models._TCDiary,1,1457,"2023-02-18 오전 12:00:00","","

0030 ~ 0930: 수면
0930 ~ 1100: 뒹굴거림
1100 ~ 1130: 샤워
1130 ~ 1200: 교회 감.
1200 ~ 1300: 성악 레슨
1300 ~ 1530: 찬양연습 + TwoMites 수정
1530 ~ 1800: 형제님들과 찬양연습 
1800 ~ 1830: 형제님들과 저녁식사 
1830 ~ 1920: 특송 ""머리에 가시 면류관"" 연습 
1920 ~ 2133: 특송 및 복음말씀 들음
2133 ~ 2200: 청소 및 기도모임
2200 ~ 2215: 원석 B가 집 데려다 주심
2215 ~ 2338: 조금 뒹굴거림 + 성경읽기 + 준호 기도부탁

1333
즐거운 삶
행복한 삶
아아아~

나의 아버지.
당신을 행복하게 찬양하는 삶을 살고 싶습니다.
이끌어주세요.


2222
아무래도... 아무래도 맞다.
슬프지만 희원 자매님은 나를 피하고 계신 것 같다.
그래서 우울하다.

어쩔 수 없지
어쩔 수 없다.
마음이라는 게 어쩔 수 없다.
나도 그렇게 하니까 

2235
지금은 잠잠하자.
너무 바라보지 말자.

나는 직장부터 구해야 한다.
지금 직장부터 구해야 한다.
나의 사랑하는 아버지.
직장을 주세요.
살아갈 수 있는 직장을 주세요.
간절히 부탁드립니다.
아멘

2251
세수만 하고 성경 읽어야겠다.
읽고 하루 정리한 후에 자야지
:)

2327
어느정도 다 마무리 했다.
하루가 마무리 된다.

한국 단자 공업 이곳에 취업하고 싶다.
물론 폴라리스 오피스에다가도 이력서를 넣을 생각이긴 하다.
그래도 가능하면 거리 가깝고, 교제하기 좋은 한국 단자 공업에 취업하고 싶다.
폴라리스 오피스는 슈가폴 바로 옆이라 좀... 가기 싫다.


2335
하루가 끝나간다.
이유는 모르겠는데 조금 우울했다.
그냥 피곤했던걸까?

2346
찬양을 못 해서 그런 것 같다.
나는 조금만 찬양해도 목이 쉬어버린다.
어느 순간부턴가 그랬다.
목이 쉬어버려서 목소리가 이상해지니까 멈춘다.
찬양을 하지 않았다.

찬양을 묵상하지 않았다.

나는 노래를 하고 있어서 그런 것 같다.
최근 노래를 하려 했나?
음...



2359
대집회 말씀 도중 이 희원 자매님을 몇 번이나 바라봤다.
말씀에 집중해야 한다고 생각 했지만 나도모르게 바라볼 때가 있었다.









","",2,"2023-09-30 오후 5:42:15"
ASPMVC_Practice.Models._TCDiary,1,1458,"2023-02-19 오전 12:00:00","","
0029
지금 그거 검색하다 멈췄다.
그만 찾자.
주님이 돕고 계신다.
다시 그 죄에 빠지지 않도록 도우신다.
감사합니다.

다시 그 죄를 짓고 싶지 않다.
그래서 휴대폰을 두고 온 거다.
나의 아버지
강 태경이 죄를 짓지 않도록 계속 도와주세요.


0039
나의 십자가.
나의 사랑하는 십자가

나를 위해 죽으신 나의 예수님을 멸시했다.
십자가를 하찮게 여기고 있다.

내가 주께 나아갈 수 있도록 제발 도와주세요.


1738
힘들다.
정말로 힘들다.
하...

아버지 정말로 힘들어요.
뭘 어떻게 해야할지 모르겠습니다. 
뭐 어떡하라는거죠?


1. 준호가 오늘 온다고 했다.
2. 준호가 준상이 데려온다 했다.
3. 준상이도 데려오라 했다.
4. 준상이, 준서가 준호한테 맞았다. 
5. 이모가 전화해서 다신 교회 얘기 하지 말라고 한다. 
6. 어머니가 전화해서 교회 얘기 하지 말라고 한다.
7. 준서가 준호한테 맞았다고 들었다.
8. 준호는 경찰서 들어갔다. 
9. 이모는 준호 정신병원에 처넣는다고 한다. 

아아...
내가 오늘 새벽에 죄를 지어서 그런 거라 생각한다.
그걸 찾으려 해서 그런 것 같다.
제발...

나는 악하다.
나는 죄가 있다.
누구에게도 말 못할 부끄러운 죄가 있다.
숨고 싶다.
도망치고 싶다.


준서가 맞았다니 너무 마음이 아프다.

집에 들어가기 싫다.
그냥 아무도 없는 곳에서 쉬고 싶다.
아버지.
나의 아버지.
그냥 쉬고 싶습니다.


2139
p1보고, 자위하고, 소설 보고있다.


2359
오늘 하루 중 가장 행복한 기억은 이 희원 자매님이다.
아주 조금의 나에게 비추는 약간의 호감 같은 것.
호감일지 모른다는 생각에 행복했다.

지율이를 돌보고 있었다.
누나와 대화하며 지율이를 돌봤다.
그때 이 희원 자매님이 내 옆에 앉아서 시율이를 본다.
혹시나 했다.
이런 것 만으로 나는 설렜다.
나는 이런 행동들에 기대한다.

신협 총회 중 이 희원 자매님과 몇 번 눈이 마주친다.
내가 바라보고 있기 때문이겠지.
시선이 간다.
몰래몰래 바라보게 된다.


슬픈 생각이 들었다.
희원 자매님과 가정을 이루는 것 까진 좋다.
문제는 그 이후다.
나의 그 죄가 다시 일어난다면?
ts1, ts2가 다시 일어난다면 희원 자매님은 무슨 죄인가?
얼마나 슬퍼하실지 상상이 안 간다.

나의 아버지는 나의 마음에 죄책감을 넣어 주셨다.
하지만 나는 나의 정욕을 이기진 못한다.
나는 나를 통제할 수 없다.









세월을 허비했다.
그냥 싫다.





집 수리 해야한다.
어머니께 돈 필요한 거 말해달라고 했다.
어머니는 알겠다고 말 하셨다.
한동안 조금 힘들겠다.
















","",2,"2023-09-30 오후 5:42:15"
ASPMVC_Practice.Models._TCDiary,1,1459,"2023-02-20 오전 12:00:00","","

0000 ~ 0230: 자위, 소설
0230 ~ 0247: 어제 일과 기록
0300 ~ 0730: 수면
0730 ~ 0750: 식사
0750 ~ 0820: 도서관으로 출발
0820 ~ 
0845 ~ 0934: 프로그래머스 lv2 문제 두 개 풀었음.
0937 ~ 1100: 산책 + 해장국 먹고 옴.
1111 ~ 1234: 프로그래머스 lv1 문제 두 개 풀었음.//스택 오버플로우 관련 이슈로 오래 걸림.
1234 ~ 1705: 
 기본일과 진행 
  1) 어제, 오늘 성경읽기 
  2) 오늘자 만나
  3) 다음 주 찬양 가사 쓰기
  4) Caleb에 밀린 말씀들 기록
1705 ~ 1724: 이력서 수정 및 추천공고 수정
1724 ~ 1910: TwoMites 코딩 컨벤션 수정 
1910 ~ 1940: 집으로
1940 ~ 2100: 식사 및 이력서 작성
2119 ~ 2126: 이 정훈 부서장님이 다니시는 회사 관련해서 이력서 작성 팁 주셨음.
감사합니다...
나의 아버지 이 회사에 들어갈 수 있게 도와주세요.
형제가 있는 회사에 들어갈 수 있도록 도와주세요.
2126 ~ 2300: 이력서 작성
2300 ~ 2320: 샤워
2320 ~ 2359: 이력서 작성


0827
도서관이다.
졸립다.
어제, 오늘 새벽 헛짓거리 해서 그렇다.
헛짓거리의 대가가 지금 온다.

1235
피곤하다.
그냥 생각 없이 코테만 하고 있다.

1244
내가 해야 할 가장 기본적인 일과가 있다.
기본 주간 일과가 그것이다.
그것부터 하자...


1249
만약에
정말 만약에 
이번에도 큰 직장에 들어가지 못 한다면 주님의 뜻을 다시 살피자.
형제님들과 다시 교제하자.


1834
피곤하다.
후...
그래도 집은 들어가야겠다.
집에 들어가서 권 정민과의 수업 준비하자.
그리고 원석 형제님과 공부하자.

내가 조금 이득 보자고 약속을 미루는 건 괜찮나?
지금은 집중 해야할 때이긴 한데...
집중 해야할 때니까 약속을 미뤄도 되려나?


이걸 왜 하는지 상기하자.
권 정민이 전도하기 위해서다.
홍 원석 형제님 조금이나마 도와드릴 수 있어서다.

그러니 하자.


1853
원석 형제님과의 약속은 취소됐다.
다행이라 생각된다.
조금 피곤하다.




이 정훈 부서장님 조언
1. erp 시스템에 대해 아는 게 좋음.

2. plm 시스템
프로젝트 관리
회사 홈페이지가 있음. 
회사에서 업무를 처리하는 홈페이지가 있음.
워크 스테이션 홈페이지 관리 있음.

홈페이지에서 강의실 같은 거 예약하는 등의 구축
화상회의 시스템 구축
예산 집계 시스템
회계 시스템

3. 노트북 관리 같은 거
개인 노트북을 주는데 보안 시스템 관리, 개인 별 노트북 관리
아웃룩 계정 만들어주기 등등
캐드 깔아주고 함.

4. 회사만의 메신저가 있음. 


2359
어째서 이렇게 회사 관련으로 나를 도와주시는 형제님들이 많으실까?
어제의 강 태경은 죄를 아주 많이 지었는데
왜지?
아버지는 왜 나를 도우실까?

아버지
이 회사에 들어갈 수 있도록 도와주세요.
좋은 직장에 대한 욕심 있습니다.
하지만 이 직장에 있다면 형제님들과 함께할 수 있습니다.
홀로 신앙생활 할 자신이 없습니다.
그러니 이 직장을 제게 주세요.
간절히 부탁드립니다.
아멘


이 직장에 들어가서 돈을 모은 후 희원 자매님을 만나고 싶다.











","",2,"2023-09-30 오후 5:42:15"
ASPMVC_Practice.Models._TCDiary,1,1461,"2023-02-22 오전 12:00:00","","
1422
소설 보고있다.
판타지 소설이다.
목사님과의 약속은 어기고 있다.
어겼다.

나의 아버지
죄에 대항해야 합니다.
대항해야 하는데 못 하겠어요.

1500
아직 소설보고 있다.
나는 뭘까?
한국 단자 공업
이 회사 이렇게 초라해진 내가 들어갈 수 있나?
최대한으로 움직여도 될까 말까 할 텐데
내가 할 수 있나?
이렇게 무너져가는 강 태경이 할 수 있나?
나의 아버지
나는 무너지고 있습니다.


지금의 나는 하고 싶은 일이 있다.
1. 한국 단자 공업에 들어간다.
2. 이 희원 자매님께 교제를 요청한다.

이 두 가지다.
무엇 하나 쉬운 게 없다.
어렵다.

나는 소설만 보고 있다.
그래서 두렵다.
이 초라한 강 태경이 무너질 것 같다.
두렵다.


사랑하는 아버지.
강 태경은 무너지고 있습니다.
아시죠?
내가 얼마나 나약한지
나는 나의 가치를 모르겠습니다.
너무 약하고 초라해서
어렵습니다.
살아가는 게 어렵습니다.
아버지.

아버지는 나를 사랑하십니다.
나를 믿어 주시고 계십니다.
아버지 
이 상황 어떻게 이겨나가야 할지 모르겠습니다.

약함.
나약함.
이 나약함을 고치고 싶습니다.

사랑의 노래
어제 만든 거
말씀 정리본
그거 주님의 나를 향한 사랑의 노래라 생각한다.

""그저 내 입맛대로 끼워맞춘 게 아닐까?"" 하는 불안이 있다.
의심이다.


1515
아버지.
무섭습니다.
나는 두렵습니다.

한국 단자 공업 
회사 채용공고 8개 중 하나가 사라졌습니다.
조기마감 될까봐 두렵습니다.

나는 준비가 안 됐습니다.

내 인생의 전환점을 모르겠습니다.
나는 주님을...
이걸 꼭 써야할까요?

시도조차 못 해보고 떨어지는 게 두렵습니다.
인생의 전환점
그걸 써야하는데 모르겠어요 정말로



1759
나의 아버지.
나의 사랑하는 아버지.

상담 했습니다.
상담했고, 이력서 수정하기로 했습니다.
주님 
저는 죄를 지었습니다.
취직에 대해 의심도 했습니다.
나의 아버지.
더이상 의심하지 않겠습니다.
아버지.


1918
박 종민 파트장님께 조언을 얻어 이력서를 수정했다.
김 기호 형제님께 이력서를 보냈고, 이따 2230에 확인 해주시기로 했다.
나의 아버지. 
도와주세요.
아멘



2204
집 도착했다.
집 도착했고 지금 컴퓨터 켠다.
오늘 신기했다.
최 정민 목사님 앞에 내 죄를 말했다.
음란한 영상, 소설, 만화 봤다. 

그런데 이 요한 목사님도 수요말씀으로 이걸 말해주셨다.
주님이 들어주실 것 같냐고 말하셨다.














","",2,"2023-09-30 오후 5:42:15"
ASPMVC_Practice.Models._TCDiary,1,1465,"2023-02-26 오전 12:00:00","","
0032
오늘은 일찍 일어나서 버스타고 교회 갈 수 있게 도와주세요.
아멘


1556
찬양대 일정까지 마무리 됐다.
그냥 문득 든 생각이 있다.
주님이 희원 자매님을 다른 형제에게 주시면 어쩌지?
이런 걱정이 든다.
그러면 조금 슬플 것 같다.


1602
아마 많을 거라 생각한다.
분명 많을 거라 생각한다.


1636
나의 사랑하는 아버지.
형제님들을 대접할 기회를 주셔서 감사합니다.
형제님들과 맛있게 식사하겠습니다.
이곳에 계신 형제님들의 마음이 천국 가는 그 날까지 이어질 수 있도록 도와주세요.
아멘

못 사드렸음.
형제님들 안 모이고 다른 곳 가심.


1820
직장 들어가는 게 더 힘들거라는 생각이 들게 됐다.
더 힘들 것 같다.
명철 형제님의 조언을 들었을 때 나는 직장 들어가기 힘들다. 
하지만 주님이 이 상황을 내게 허락하신 이유는 분명 있다.
명철 형제님 말씀대로 아주 밑바닥부터 하나하나 다시 준비해야 할 수도 있다.
그럼... 너무 힘들 것 같긴 한데

주님을 믿겠다고 했다.
그러니 믿고 나는 나의 할 일을 한다.

나의 아버지.
스펙이란 게 아주 없습니다.
그게 강 태경의 상황입니다.
노력은 했다 생각하는데 스펙이 없습니다.
나의 아버지.
길을 보여주세요...


1859
나의 사랑하는 아버지.
세상을 살아가는 일에 있어서 부족한 게 정말 많습니다.
지금 이 상황에 의지할 수 있는 분은 오직 주님밖에 없습니다.
모세의 느낌이 듭니다...


주님의 인도를 더 직접적으로 느끼고 싶다.
어떻게 나를 인도하고 계신지 한 번 확인 해보자.


2003
전부 적었다.
나는 주님의 도움 없이는 살아갈 수 없는 존재였다...


2114
해고당한 강 태경
주님께 가족과 자신을 맡긴 강 태경
형제님들께 도움 받은 강 태경
스펙이 부족하다는 현실을 깨달은 강 태경
결혼 하고 싶어하는 강 태경

자신감을 잃는다.
아버지는 내게 무엇을 알려주고 싶어 하시는 걸까?
나의 아버지.
제게 무엇을 알려주려 하시는 건가요?

신앙생활 열심히 하고, 공부도 열심히 한 형제가 있다.
김 성민 형제님이다.

나의 아버지.
강 태경은 신앙생활은 열심히 했습니다.
공부는... 적당히 했습니다.
체계적으로 하지 않았어요...
안하진 않았는데... 그렇다해서 막 세상 사람들한테 보이는 공부를 하진 않았습니다.
아버지 공부 하긴 했어요.
지금까지의 공부가 의미 없었던 거라 하신다면 마음이 아픕니다.

사람들에게 보이는 공부가 필요하긴 합니다.
이 세상과 분리된 게 아니니까요.
이 세상 사람들과 살기 위해선 보이는 것도 어느정도 필요하다는 걸 알았습니다.
하지만 아버지.
직장 구한 후에 하면 안 될까요?

지금은 직장을 주셨으면 합니다.


2131
만약 
이 희원 자매님이 다른 분과 결혼하면 마음이 슬플 것 같다.
정말로... 슬플 것 같다.
그래서 나는 돈을 벌고 싶은 거다.
돈이 필요하다.

전도는 그 이후이다.

나도 누군가를 만나고 싶다.
나도 결혼 하고 싶다.


2225
주님은 일을 통해 내가 만족할 수 있길 바라신다.
일이 없으면 만족함이 없다.


2233
일이란 무엇인가?


2336
나의 아버지.
더 좋은 것을 주실겁니다.
하지만 주시는 이유가 있다는 걸 압니다.
더 좋은 것을 받기 위해 무엇을 해야하는지 알랴주세요.


























","",2,"2023-09-30 오후 5:42:15"
ASPMVC_Practice.Models._TCDiary,1,1466,"2023-02-27 오전 12:00:00","","
0200 ~ 1040: 기상
1040 ~ 1144: 아침 순대국 + 독서실 옴.//순대국 맛 없었음.
1145 ~ 1235: 성경읽기 + 만나
1235 ~ 1347: TwoMites 기능 구현(파일 드래그, 드롭)
1347 ~ 1437: 일요말씀 기록 + 성경 묵상(미갈에 대해 묵상함.)
1437 ~ 1453: 다음 주 찬양 기록
1453 ~ 1505: 교제비 납부 및 어머니께 60만원 드림.
1505 ~ 1749: 정처기 공부
1749 ~ 2000: 코테 3레벨 문제 풀이중
2000 ~ 2048: 집 와서 식사함.
2048 ~ 2258: 이력서 공개처리(사람인, 잡코리아, 점핏, 원티드)

1348
할 게 있다.
정처기 책 대강 훑어보는 것.
그게 오늘의 계획이다.

포폴은 조금만 만들어두자.


오늘부터 내일 오전까지 사람인 들어가지 말자. 
아직도 미열람 상태라면 솔직히 우울하다. 
코테에 지장을 줄 거라 생각한다. 

그러니까 들어가지 말자. 
오늘은 코테를 준비한다. 

나의 직장 기도가 주님 앞에 합당치 않다. 
주님을 위해 무엇을 할지 정해지지 않았다. 


1453
오늘 할 일
1. 정처기 훑어보기
2. 포폴에 뭐 넣을지 생각 해보기
3. 나의 기도에 문제가 없는지 확인하기

할 일은 분명히 있다.
그런데 하기가 귀찮다.
정처기 공부 대강이나마 해둬야 한다.

1505
어머니께 돈 보냈고, 교제비 전부 납부했다.
이제 슬슬 정처기 공부하자.

1616
재미없다.
정처기 공부
그래도 해야지...


1749
정처기 2권 Chapter 2까지 끝냄.
코드와 관련된 거라서 쉽게 끝냈음. //어려운 것도 있었음.
이제부터 어려워질듯 함.
기본 개념에 대한 공부는 이제부터 시작임.

이걸 언제 다 읽고 숙지하나...
몇 번은 읽어놔야 할 거 같은데


정보처리 기능사는 버린다.
기능사 자격증 취득 후 3년 경력이 있어야 한다고 한다.
그냥 경력 1년 더 채운 후 정보처리 기사 따는 게 낫다.
동시에 학점은행제로 학위 하나 따두면 된다.
//정처기 따면 학점 20학점이 공짜임.

후...
정처기 공부는 일단 이정도만 할까?


이제 뭐할까?
코테 준비?


1846
3레벨 문제 중 제일 쉬운 것도 너무 어렵다...


1956
나는 진짜... 심각하다.
이렇게 하찮을 줄은 몰랐다.
코테 너무 어렵다.
자신감이 떨어진다.
집 가야지...


2050
어차피 주님 안에 없었다면 이 길로 오지 못했다.
이 길에 들어선지 얼마 되지 않았다.
준비할 게 많다는 것도 알고 있다.

이직 한 번 하면 확 변할 것처럼 생각해왔다.
연봉이 한 천만원은 뛸 줄 알았다.
더 큰 직장에 갈 수 있을거라 생각했다.

이제 더 큰 직장에 들어가서 결혼 준비만 하면 될 거라 생각 해왔다.
어설픈 생각이었다.
그걸 이제 알았다.


1. 코딩 테스트를 볼 실력도 안 된다.
2. 외적인 준비가 아무것도 되어있지 않다.
: 형제님들은 나처럼 허튼곳에 시간 쓰지 않으셨을 거다.
그렇게 준비해서 가정을 책임질 수 있을 만큼의 스펙을 쌓았다.


그래도 신청할만한 회사는 많다.
다른 기업들도 신청해보자.


2259
대부분 끝냈다.
이제 슬슬 잘 준비 하자.
결혼이라...


2311
샤워 하고 옴.


2351
희원 자매님 보고싶다.
사진 보고싶다.
하지만 참는다.

지금의 나는 마음을 키워선 안 된다.
그렇기에 참는다.

나의 사랑하는 아버지.
강 태경의 마음을 지켜주세요.


이 희원 자매님과 교제하고 싶습니다.
하지만 주님이 허락하지 않으신다면 마음을 접겠습니다.
마음을 접을 수 있도록 노력하겠습니다.


나의 사랑하는 아버지.
시간을 아낄 수 있도록 도와주세요.
저는 너무도 미력합니다.
이제 알고 있습니다.
능력에 비해 과하게 교만했다는 사실도 인정합니다.

아버지.
도움을 받고 싶습니다.
도와주세요...

내가 주님의 도움을 받기 위해서 무엇을 해야할지 알려주세요.
간절히 부탁드립니다.
아멘













","",2,"2023-09-30 오후 5:42:15"
ASPMVC_Practice.Models._TCDiary,1,1470,"2023-03-03 오전 12:00:00","","
0000 ~ 0500: TwoMites 깨작거리기, 잠 설침
0500 ~ 1140: 수면
1140 ~ 1250: 식사 
1250 ~ 1325: 도서관으로
1325 ~ 1355: 성경 읽기
1355 ~ 1430: 가계부 미기입분 추가, TwoMites 깨작거리는 중
1430 ~ 1450: 소만사에서 입사 제의 왔으므로 네트워크 공부 (TCP/IP, OSI 7Layer)//아직 뭔소린지 모르겠음.
1450 ~ 1720: 찬양 연습, 형제님들과 교제 약속 잡기
1720 ~ 1910: 집가서 샤워, 강 서준 B 만나러 감.
1910 ~ 1940: 강 서준 B와 식사
1940 ~ 2040: 강 서준 B와 찬양 연습, 내일 남성중창 악보 뽑아둠. 
2040 ~ 2130: 혼자 연습중
2130 ~ : 집으로

0153
수요일에 희원 자매님을 보며 생각했다.
희원 자매님은 이제 직장도 있으실거고 성실히 살아가실거다.
나는 집에서 판타지 소설과 음란물만 보내며 시간을 버렸다.
초라했다.

점점 아름다워지시는 이 희원 자매님
점점 초라해지는 강 태경
닿을 수 없을 것 같다는 생각이 들었다.


0220
나는 왜 희원 자매님이 좋지?
1. 외모
2. 하계수양회

당장 떠오르는 건 이렇게 두 가지 있다.


1450
1. 내일 할 찬양 선택
2. Caleb에 찬양 연습 수행//묵상부터 전부 다 해야함.
	1) 너 시험을 당해 
	2) 너 근심 걱정 말아라

가장 먼저 할 건 기도였네
아버지.
이 바보같이 살아가고 있는 아들이 있습니다.
아버지.
찬양으로 회복할 수 있게 도와주세요.
내일 찬양할 수 있게 도와주세요.


1540
손 선재 팀장님께 내일 찬양 인도 한다고 연락 왔다.
감사합니다.
찬양할 수 있게 해달라는 기도를 들어주셔서 감사합니다.


1720
강 서준 형제님만 교제할 것 같다.
슬슬 집 가서 샤워하고 교회로 출발하자.


2111
나는 지금 집 가도 된다.
그런데 안 가고 있다.
왜?
혹시나 해서 그렇다.
희원 자매님 볼 수 있지 않을까 하는 그런 기대가 조금은 있다.

2130
의미 없이 이러지 말아야겠다.
집 가자.
집 가서 잔다.
물론 노트북은 여기 두고 간다.



2300
오는 길에 원석 형제님 만나서 교제했다.
대박...

휴대폰, 노트북 전부 교회에 놓고 왔다.
내일은 일찍 교회 갈 생각이다.


하루가 조금 아쉽다.
왜 아쉬운 건지 모르겠다.

나의 신앙, 결혼, 행복, 미래, 준비, 가족
직장이 필요하다.
직장이 있으면 결혼할 수 있다.
직장이 있어야만 결혼할 수 있다.
나는 형제니까 직장이 필요하다.
나도 이제는 결혼하고 가정을 이루고 싶다.


어떤 결혼 기도를 해야 하는가?
기도를 어떻게 해야 좋ㅇ르까?


나는 어떤 형제가 되어야 하는가?
1. 흔들리지 않는 신앙.
2. 포용하는 마음.
3. 직장: 가정을 꾸려갈 수 있을 만큼의 급여

어떤 자매님이 필요한다?
1. 함께 고난을 헤쳐갈 자매님









","",2,"2023-09-30 오후 5:42:15"
ASPMVC_Practice.Models._TCDiary,1,1471,"2023-03-04 오전 12:00:00","","
0000 ~ 0520: 수면
0540 ~ 0700: 뒹굴거림
0700 ~ 0750: 등산
0750 ~ 1000: 식사, 샤워, 교회 출발
1000 ~ 1035: 교회로
1035 ~ 1110: 혼자 연습
1110 ~ 1205: 레슨
1205 ~ 1429: 코드 깨작거리는 중
1429 ~ 1702: 코드 깨작거리기, 어머니회 여성중창 구경, 청년 남성중장 연습 참여
1702 ~ : 


직장
이전 직장에서 어떤 문제가 있었으며 어떻게 해결했어야 했는지 생각한다.

직장에서의 사건
1. 업무시간, 점심 시간에 내 개인 일정 수행 or 찬양 연습함.
2. 일부러 C++ 일감 만들어서 공부함.
그리고 나의 개인 Github에 올림.
팀장님은 이걸 봤을거라 추측함.
매일 ""나는 다 알아요.""라고 내게 말했음.
Git Commit 기록을 보고 말한 거라 추측함.
3. 회사 코드가 마음에 들지 않았음.
4. 영업하는 최 대리님이 가스라이팅 하는 것 같아서
트집 안 잡히려고 노력함.
+ 내가 조금씩 트집 잡음.
5. 내 개인 노션으로 업무함.
6. 업무하다 새로 배운 게 있으면 내 개인 노션에 정리 해둠.


1247
뭐하지???
이제 뭐하지?

1317
DLL 만드는 중임.
그냥 테스트로 만들어 보고 있음.

1357
잠깐 쓰레기 버리러 갔다가 이 희원 자매님 봤다.
뭔가 기분 안 좋은 모습이셨다.
아버지.
자매님의 마음을 지켜주세요.
아멘

지금 나가면 도 볼 수 있지 않을까?
하는 생각이 든다.
그래서 백 번은 나가고 싶다.
하지만 나가지 않는다.
나는 직장부터 갖고 다음을 진행 할 예정이다.

1. 직장을 갖는다.
2. 전도인을 찾아가서 이 희원 자매님과 교제하고 싶다 말한다.
3. 교제를 허락 받은 경우 말을 걸 수 있다.

교제를 허락받지 못 한다면 하지 않는다.
가만히 잠잠히 있는다.


1429
에잉 공부 텄다.
-_-

1443
직장 얼른 구하고 싶다...


1718
직장을 갖고 싶은가?
사실 지금 모르겠다.
정신적으로 쉬고 싶다는 생각 많이 든다.


2230
하루가 끝나간다.
피곤한다.
찬양
찬양이 힘겹다.
오늘 전체교제, 찬양 많이 힘겨웠다.
웃을 수 없었다.

힘이 나는 찬양이길 바랬다.
그러나 잔뜩 굳은 얼굴로 찬양했다.
목소리도 엄청 이상했던 것 같다.

내가 찬양의 가사처럼 살고 있지 않아서 그렇다.
그래서 찬양할 수 없었다.
그래도 찬양의 가사처럼 살기 위해 노력은 했는데...


찬양대에서 강 태경은 한 사람 분을 하지 못하고 있다.
올바른 방법으로 훈련하지 않았기 때문이다.


이것 말고도 우울했던 건 있다.
이 희원 자매님 관련이다.
나와 눈을 마주치려 하지 않는다....
나를 피하시는 것 같다.
이제는 그만하는 게 옳다.
찬양을 읽자.
이 희원 잔매님이 아닌 찬양을 보자.
어설픈 시그널 보내지 말고 찬양 연습이나 하자.
나의 사랑하는 아버지.
찬양으로 도망가겠습니다.
도와주세요.



직장 구하는 일
찬양

두 가지 일에 집중하겠습니다.

묵상.
음정과 가사를 보며 묵상하기


어려운 게 많다.
진짜 너무 많다.
살아가는 것부터 어렵고 힘들다.
직장도 없고
, 찬양도 못 하고
, 돈도 없고
, 학벌도 없고
나는 다 없다.

내세울만한 게 아무것도 없다.
나의 아버지.
어디로 가야 할까요?
아무것도 보이지 않습니다.

왜 이런 상황들을 허락하셨는지 모르겠습니다.
이 상황에서 무너진다면?
그렇게 되면...

아버지 솔직히 교회에서 무너진 것처럼 살아가시는 성도들을 종종 봅니다.
그들처럼 될까 두렵습니다.

아... 그들은 ""나는 안 돼""라는 말을 엄청 자주 하신다.
강 태경도 ""나는 안 돼""라는 말을 자주 한다.
나는 뭐가 안 된다고 말하는 거지?
왜 안 된다고 말하는 거지?

주님 안에서 쓰임 받는 형제님들은 별 말 하지 않고 할 일을 하신다.
강 태경처럼 핑계만 대지 않으신다.

핑계대지 말자.
해야할 일을 하자.
묵ㅁ구히 하자.
오해받더라도 주님 앞에 합당하면, 그거면 된다.

사람 앞에 드러나지 않더라도 주님만으로 만족할 수 있게 도와주세요.
간절히 부탁드립니다.

나의 마음이 주님께 있어야 한다.
주님이 주신 이 상황.
그 끝은 나를 위한 것임을 알게 될 거다.
그러기 위해선 묵묵히 있어야 한다.
주님 안에서 잠잠해야 한다.
주님으로만 만족하는 삶.


청년
청년의 때
아버지 강 태경만 있는 지금의 시간.
지금 내가 할 일을 조금씩 해나가면 된다.

너무너무 조급하지만 당장 할 수 있는 것들을 조금씩 해나가면 된다.
그러면 된다.

한 걸음, 한 걸으 꾸준히 걸아갈 수 있도록 도와주세요.
더이상 우왕좌왕 하지 않고 
남자답게 걸어나갈 수 있도록 도와주시길 간절히 바랍니다.

고린도전서 16장 13 ~ 14절
깨어 믿음에 굳게 서서 남자답게 당당하여라.
너희 모든 것을 사랑으로 행하라.


허무하게 걱정만 하며 시간을 날려버리지 말자.

딱 하루치 목표만 하자.
이 목표는 최소로 잡자.
진짜 최소로 잡고 끝나면 그땐 내일 목표를 세우고 놀자.

사랑하는 아버지.
강 태경으로 인해 마음의 상처를 입으신 성도들이 있습니다.
그들의 마음을 어루만져주세요.
강 태경을 용서하게 해주세요.

결단하겠습니다.
강 태경도 다른 성도들을 용서하고 사랑하겠습니다.






























","",2,"2023-09-30 오후 5:42:15"
ASPMVC_Practice.Models._TCDiary,1,1474,"2023-03-07 오전 12:00:00","","
0000 ~ 0900:  수면
0900 ~ 0950: 뒹굴거림, 식사, 머리감기
0950 ~ 1040: 교회로
1040 ~ 1112: 이력서 작성, 헤드헌팅_펨트론에 이력서 제출, 오늘 할 일 정리
1112 ~ 1230: 2019 직장관 말씀 듣기, 송 연식 목사님의 도움으로 목사님들, 교회 직원들과 함께 식사 및 커피
1230 ~ 1431: 2019 직장관 말씀 듣기
1431 ~ 1523: 조 미란 자매님과 교제, 직장관 말씀 정리
1523 ~ 1637: 면접 준비, 이력서 세 개 제출, 시편 3번 연습 및 녹음, 누구도 부인 못해 3번 연습 및 녹음

할 일
1. 성경 읽기: done
2. 2019 직장관 말씀 듣기: done
3. 헤드헌팅 이력서 제출: done
4. 직장관 말씀 정리: done
5. 면접준비_협업 어떻게 하는지: done
6. 이력서 세 개 제출: done
7. 시편 3번 연습: done
8. 누구도 부인 못해 3번 연습: done
9. 이력서 현황 파악: done



1235
교회에서 밥 먹었다.
말씀 듣고 있는데 송 연식 목사님께서 얼른 밥 먹으러 오라 하셨다.
정말 너무 감사했다.
행복했다.
주님 안에서의 사랑을 알아가고 있다.

송 목사님께 부탁드렸다.
다음 주부턴 면접이 있습니다.
지금은 없습니다.
이번 주 밥 얻어먹으러 와도 될까요?

먹으러 오라고 해주셨다.

함께 밥 먹는 동안 행복했다.

1257
송 목사님께 커피와 빵도 얻어먹었다.
목사님실에서 한 성경구절을 봤다.
시편 1편 1절
나의 힘이되신 여호와여
내가 주를 사랑하나이다.

이 말씀이 이제 마음에 와닿는다.
나의 힘이되신 아버지.
내가 주님을 사랑하나이다.


1638
할 일 다 끝냈다.
이제 슬슬 이력서 현황 파악하자.


제닉스
화요일 3월 14일, 15시에 면접 보기로 함. 
다음 주 화요일 충남 천안시로 가야함. 
오후 세시에 면접 본다.

한 솔루션
수요일, 3월 15일, 10시 ~ 10시 30분

연우 
3월 16일, 목요일, 14:00



2250
행복한 하루였다.
주님이 깨닫게 해주시는 것들.
주님께 구하며 주님이 주시는 도움을 받자.
나의 무엇이 문제였는지 확실하게 파악하자.
그리고 개선하자.
두 번이나 해고당했다.
그러니까 무엇이 문제인지 확실히 파악하자.
* 목요일 저녁: 손 선재 팀장님과 저녁 후 교제
* 일요일 점심: 71구역 형제님들과 점심
* 금요일 저녁: 집회 말씀 듣기


내일은 아무곳에서도 면접 제의가 오지 않을 수도 있다.
그래도 실망하지 말자.
내가 할 일을 하면 된다.

강 태경의 사랑하는 아버지.
강 태경이 지혜를 얻을 수 있도록 도와주세요.
아멘

* 면접보는 동안에도 마귀는 수도 없이 나를 유혹할 거다.
그러니 계속 긴장하며 주님이 주신 지혜로 세운 기준을 단단히 굳히자.

* 지금도 계속 결혼에 대해 생각한다.
직장부터 해결해야 하는데 결혼을 생각하게 된다.
마귀의 유혹이라 생각한다.
이 희원 자매님 생각을 하게 해서 직장에 대한 지혜를 제대로 못 받게 하려는 마귀의 수작이라 생각한다.
그러니 직장 문제를 해결하지 전까진 결혼, 이 희원 자매님 생각은 하지 말자.
아버지 이 결심을 도와주세요.

* 나는 신앙을 기준으로 살아야 한다.
주님을 위해 살아간다면 지금 하는 모든 걱정거리가 해결 될 거다.
* 전 직장, 현 직장 통틀어 몇 가지 잘못이 생각난다.
1. 옷(외모)를 너무 대충하고 다님.
2. 회사에서 지식을 얻어내려 함.
  1) 전직장: 사업 관련 서류들
  2) 현직장: 코드들 내 노션에 옮김.
3. 직장 사람들과 거리두기 시작함.
4. 직장에서 방어적인 태도를 취하기 시작함.
""내 책임 아닌데요?""
5. 일을 민첩하게 처리하지 못함.
6. 나 자신이 주님 앞에서 죄 지음.
음란한 것을 볼 떄가 많았음.
그래서 우울한 상태로 회사에 다님.
당연히 자신감도 없었음.



시편 18편 1절 
나의 힘이되신 여호와여 내가 주를 사랑하나이다.
















","",2,"2023-09-30 오후 5:42:15"
ASPMVC_Practice.Models._TCDiary,1,1476,"2023-03-09 오전 12:00:00","","
0000 ~ 0300: 잠 설침
0300 ~ 0920: 수면
0920 ~ 1040: 고용노동부, 교회로 
1040 ~ 1155: 주택청약 + 마이홈 적금 들고 왔음. 
1155 ~ 1248: 전도인들과 식사

1248
하루를 시작한다. 
나의 사랑하는 아버지.
오늘 하루 아버지를 잊지 않고 살아갈 수 있도록 도와주세요.




오늘 아침에 죄 지었다.
반성한다.
이제 안한다.

2300
하루가 끝낙나다.
오늘 직장에 대해 다시 생각해본 일이 있었다.
손 성재 팀장님과 교제했다.
1. 찬양대 충원
2. 강 태경의 고음하기 싫어서 한 변명
3. 이직
4. 결혼.
5. 채 샛별 자매님
6. 찬양대 형제 / 자매별 단합.
7. 이 성진 부팀장님 근황

1. 찬양대 충원
내가 형제 6명 꼬셨다고 말함.
형제가 들어와도 2명이 최대일 것 같다는 답변 받음.
2. 강 태경의 고음내기 싫어서 한 변명
  1) 고음 교육 열심히 받았는데 안 됌.
  2) 고음에서만 마스께라 안 울림.
  3) ""예수 하나님의 어린 양""할 때 안 됐음.
  4) 역류성 후두염 있음.
나는 이렇게 변명했다.
고음은 싫다.
저음이 더 멋있다.
저음이 더 중후하고 남자다운 느낌이다.
훨씬 매력적인 것 같다.
고음을 하면 저음이 안 나온다.
그래서 고음이 싫다.
고음을 기피하게 된다.
나는 손 선재 팀장님께 내가 고음을 낼 수 없다는 뜻을 계속 보였다.
고음은 하기 싫으니까.
이건 잘못이다.
찬양을 토앻 멋있어 보이려는 죄다.
찬양을 이용하지 말아라.
교회는 동물의 왕국이 아니다.
3. 이직
손 선재 팀장님의 직장 기도
  1) 하나님을 찾는 영혼
  2) 3,000만원 이상
  3) 봉사할 수 있는 시간이 나야함.
* 손 선태 팀장님은 계약직이면 신상명세서 내지 말라는 말을 들었다고 한다.
김 영진 목사님께...
* 직장을 찾고 계신데 2,600만원 부르는 곳이 많다고 한다.
* 한 가정으 ㄹ세우기 위해 최소 3,000만원 이상은 받고 싶다고 한다.
* 5월에 계약이 끝난다고 한다.

나의 사랑하는 아버지.
손 선재 팀장님이 주님께 구하는 것들 
비록 세상에서의 목적이 있더라도 들어주세요.
더해서 주님이 쓰고자 하셨던대로 사용해주세요.
4. 결혼
* 손 선재 팀장님은 최소 3,000만원 이상 받는 직장을 바란다고 하신다.
자매님 앞에서 부끄럽지 않고 싶다 하신다.
그 마음 이해된다.
* 팀장님은 자매님과 맞벌이를 생각하신다.
*강 태경은 결혼한 후 가정을 세우고 지킬 수 있을 만큼의 급여를 원한다고 말했다.
* 직장 구하면 신상명세서 낼 거라고 말했다.
안 낼 수도 있다고 말했다. 
팀장님... 눈 앞의 팀장님이 신경쓰여서 안 낼 수도 있다고 말했다.
* 강 태경은 너무 많은 것을 바라고 있다는 생각을 했다.
* 팀장님은 강 태경에게 너무 착한 모습만 보이려 한다고 말했따.
* 강 태경은 ""착한 모습""만 보이려 한다는 것에 찔렸따.
난느 착하지 않으니까 그렇다.
  1) 마음으로 성도들을 정죄하는 강 태경.
  2) 음란한 죄를 짓는 강 태경
  3) 세상의 지식을 욕심내는 강 태경
  4) 나보다 못해보이는 선임을 얕잡아보는 강 태경
  5) 자매님께 시그널을 보내는 강 태경
  6) 영혼의 가치를 보지 않는 강 태경
  7) 교회에서만 청소하는 강 태경
  8) 말씀 시간인데 이 희원 자매님을 찾고 보는 강 태경
나는 너무도 악하다.
착한 척 하며 사는 중이다.
하나님은 마음을 보신다.
하나님은 만홀히 여김을 받지 않으신다.
5. 채 샛별 자매님.
우리 교회를 떠나 ""기쁜 소식 선교회""로 가셨따.
왜일까...
6. 찬양대 현제, 자매별 단합.
채샛별 자매님 사건 이후 자매님들은 단합하고 계시는 중이다.
형제님들은 작년보다 올해 단합이 안 된다.
따로 놀고 있다.
7. 이 성진 부팀장님 근황 공유
* 강 태경은 이 성진 부팀장님과 이 재석 집사님 사이에 불화가 있음을 알림.
* 팀장님은 현재 부팀장님의 사업이 잘 안 되고 있음을 알림.

강 태경은 교제할 때 자신을 너무 숨긴다.
초라한 자신을 너무 숨긴다.
항상 ""변명"" 한다.
이런 자신이 싫다.
고치고 싶다.

강 태경의 눈으로 세상의 좋아 보이는 것들의 등급을 나눈다.
나의 부족한 시야로 그것을 본다.
판단한다.
이러면 안 되는 걸까?



아버지 이 성진 부팀장님께 아버지의 뜻을 알려주세요.
이 성진 부팀장님이 아버지를 믿고 의지해서 평강을 얻으실 수 있도록 도와주세요.
아멘





","",2,"2023-09-30 오후 5:42:15"
ASPMVC_Practice.Models._TCDiary,1,1481,"2023-03-14 오전 12:00:00","","
0000 ~ 0200: 뒤척거림
0200 ~ 0730: 수면
0730 ~ 1120: 뒹굴거림, MSSQL 자료 찾기
1120 ~ 1125: 머리감기, 면도, 옷입기
1125 ~ 1150: 택시타고 인천터미널 감
1150 ~ 1320: 인천터미널에서 천안 터미널로 감.
1320 ~ 1350: 제닉스 회사 근처로 감.
1350 ~ 1420: 식사
1420 ~ 1450: 제닉스 회사 찾아감.
1450 ~ 1540: 면접
1540 ~ 1650: 천안 터미널로 감.
1650 ~ 1850: 천안터미널에서 인천터미널로 감.
1850 ~ 1920: 교회로 감.
1920 ~ 1930: 찬양대 쓰레기 버림, 기도, 휴대폰 노트북 두고 옴.
1930 ~ 2000: 교회에서 집으로 감.
2000 ~ 2100: 내 방 청소, 뒹굴거림, 이불빨래
2100 ~ 2130: 샤워
2130 ~ 2230: 성경읽고 자기 전 기도함.



0000
주님을 믿고 담대히 살아가는 것.
이제 그것을 바란다.
나의 생각으로 누군가를 의심하며 살았다.
나의 생각으로 일을 처리해왔다.
정말 하나같이 아쉬운 결말이었다.
이엦 주님의 지혜를 구하려 한다.
나의 아버지가 주시는 지혜로 살아가려 한다.




0952
오늘도 열심히 면접 본다.
전부 면접 본다.
그래야 한다.
그럴 생각이다.

나의 사랑하는 아버지.
앞으로 세 번의 면접이 남았습니다. 
아버지. 
모든 면접에서 합격할 수 있게 해주세요.
그리고 모든 면접에서 합격한 후, 최고의 대우를 받더라도 강 태경이 절대 자랑하지 않게 해주세요.
누군가에게 연봉을 알리지 않게 해주세요. 
복지를 알리지 않게 해주세요.
간절히 부탁드립니다.

오직 강 태경과 확실히 결혼하실 자매님만 알게 해주세요.


2130
하루가 끝나간다.
성경읽고 잘 준비 한다.

2230
성경 읽었고 기도도 했다.
내일은 오랜만에 교회에서 밥 먹을까?
아침에 면접보고 실업급여 처리하면 밥 먹을 시간은 지날 것 같으니 근처에서 먹자.

2240
피곤하다.
오늘 면접 조금 안 좋았다.
""델파이 쓸 거면 나 왜 불렀어!""라는 느낌이었다.
제닉스는 완전 하드웨어 회사다.
소프트웨어는 조금 사용된다.
외근 무지 많다.
중간에 말 자르진 않았다.
들어가고 싶진 않다.
거짓말 했다.
들어갈 것처럼 정보 얻으려고 거짓말 했다.
그저 장비 프로토콜과 스마트팩토리 시장에 대한 정보들 조금 얻으려 했다.
버전관리 안 하고, 협업툴 안 쓰는 회사다.
장비 - MES 
데이터 왔다갔다 함.
이런 거 알아냈다.

UI 만들고 뭐... 이런 잡다한 업무하는 개발자.
과연 미래가 있을까?
응용프로그램 만드는 것이 미래가 있나?
웹 개발자라면?

ERP가 구축되어야 임원은 의사결정을 한다.
의사결정을 할 수 있도록 UI를 만드는 건 디자이너의 일이다.
내 일은 데이터 통신이면 될 것 같다.

마음 같아선 HK연우 이곳에 들어가고 싶다.
하지만 ""날 뽑아줄까?"" 하는 걱정이 든다.
팀장들은 내 notion과 git을 보지 않는다.
그걸 이젠 안다.
그들은 학교, 학점, 자격증 이 세 가지를 메인으로 본다.
그것이 없는 강 태경은 입의 지혜로만 승부를 봐야한다.
... 마병은 예비해두자.
결과는 주님께 맡긴다.
어차피 내게 가장 좋은 곳으로 나를 보내주실 주님이다.
이 사실을 잊지 말자.

지금까지 면접에서 많이 들었던 것.
1. 술 마셔요?
2. 내성적인 것 같아요.
팀원들과 조화를 이룰 수 있겠어요?
3. 주일에 일 해야하면 어떡할 거에요?

2305
그들과 친해질 수 있는 접점이 필요하다는 생각이 든다.
요즘 사람들이 관심 있는 것.
내 또래의 사람들은 무엇에 관심 있는가?
1. 연애
2. 옷
3. 게임
4. 도구(스마트폰, 워치 등) 
5. 영화, 드라마
6. 여행 
7. 먹거리
8. 동물(개, 고양이)
9. SNS
10. 운동(헬스)
11. 돈, 주식, 제태크


강 태경의 관심사.
1. 이 희원 자매님
2. 찬양
3. 말씀.
4. 교제
5. 좋은 직업
6. 빚
7. 결혼
8. 개발 관련
9. 돈, 제태크
10. 건강
11. 무릎
12. 외모


","",2,"2023-09-30 오후 5:42:15"
ASPMVC_Practice.Models._TCDiary,1,1484,"2023-03-17 오전 12:00:00","","
1249
일반 건강검진, 병원 다녀왔다. 
이제 뭐할까?


1253
만약에 이 희원 자매님이 이미 다른 형제님과 결혼 교제중이시면 어쩌지?
마음이 허하다.
하지만 어쩔 수 없는 일이다.
내가 할 수 있는 건 없다.

마음이 허하지만 할 수 있는 건 없다.


""광야를 지나며""
광야.
이번 광야가 지나면 또 다른 광야가 기다리고 있다.
하지만 광야가 있어야지만 주님 앞에 나아갈 수 있다.
이 시기를 지나야만 한다.
필요한 일이다.

마음이 아프다.
이 희원 자매님이 다른 형제님과 함께 있는 게 싫다.

나의 아버지.
한 번의 광야를 지날 때마다 마음이 아픕니다.
정말로 힘듭니다.

돈
어머니의 구원

지금은 직장이라는 광야를 지나고 있습니다.
이 과정에서 강 태경은 조금씩 정결해지고 있습니다.
하지만 힘듭니다.

앞으로 결혼이라는 광야가 더 있을거라 생각합니다.
힘들고, 정말 마음 아픕니다.
나의 아버지.
마음이 아픕니다.


1357
교회에서만큼은 깨끗하면 안 될까?
여긴 교회잖아.
지금 교회 와이파이를 사용하는데 그 음란물을 검색했다.
다행히 찾지는 못 했다.

아버지 이곳에서만큼은 깨끗하게 해주세요.
강 태경이 깨끗해질 수 있게 해주세요.
지금 할 일이 없습니다.
아니 성경읽기 있다.
성경읽자.
우선 읽자.
성경 읽은 후에 생각한다.

1432
오늘은 내일 있을 결혼식 축의금 뽑은 후 아이들 용돈 준비한다. 
그리고 아이들 만난 후 다시 교회로 돌아온다.
그게 계획이다.

될라나 모르겠다.

1440
할 일
1. 아이들 용돈 및 축의금 준비 (7만, 5만)
2. 아이들 용돈주기
3. 교회에서 결혼식 봉사
4. 합심기도
5. 부서특송 연습
6. 귀환


1530
집으로 휴대폰 가져감.
1700 ~ 0000
자위함, p1봄.
다시 무너졌다.















","",2,"2023-09-30 오후 5:42:15"
ASPMVC_Practice.Models._TCDiary,1,1499,"2023-04-01 오전 12:00:00","","
1633
준서 만나고 왔다. 
이제 용돈 안 줘도 된다고 한다. 
마라탕 사주고 왔다. 

와서 성악레슨 받았다. 

이 기호 형제님과 조금 잡담 했다. 

이제 뭐 할까?


성경 읽을까?


2344
반성할 거 있다.
아까 김 영찬 형제님과 잠깐 교제했다.
김 영찬 형제님
나이 26살
직장인
회사는 만수동

이거 듣자마자 내가 생각한 것을 반성한다. 
""그렇게 큰 직장은 아니겠네""
이런 생각을 했다. 

아버지. 
나의 아버지. 
이 죄를 지었습니다. 
아버지. 
강 태경이 이런 생각으로 형제들을 바라보면 온전할 수 없습니다. 
아버지. 
강 태경에게서 이 마음을 없애주세요. 
간절히 부탁드립니다.
없애주세요.

주님은 가능하십니다.


2359
반성할 것은 하나 더 있다. 
국 윤상 형제님이 참빛 찬양 인도를 하셨다.
그곳에 이 희원 자매님이 계셨다.
나는 그것에 불안했다.
이 희원 자매님이 계신다 해서 무엇이 달라질까?
내 인간적인 욕심으로 바라보는 것은 문제다.
또 사람을 의지하게 되는 거다. 
강 태경은 이 희원 자매님께 신호를 보내선 안 된다. 
이유는 모르지만 나를 싫어하시는 것 같다.
그러니 멈추자...

외모가 예쁘다.
항상 교회에 있다.

비겁한 마음도 있다.
""아동복지학과라면 한국의 시장에서 불리한 입장이니까 강 태경의 경제력에 만족하지 않을까?""
""빌라에 살고 계시니까 결혼 후 빌라에 살아도 괜찮다 하지 않을까?""
하는 비겁한 마음이 있다.
나는 비겁하다.
알고 있다.

외모, 경제력
이게 이 세상에서 주님을 바라보며 사는 것에 무슨 의미가 있겠는가?

나의 사랑하는 아버지.
이런 비겁한 마음으로 이 희원 자매님을 바라보는 강 태경입니다.
이런 마음으로 바라보지 않을 수 있도록 도와주세요.
간절히 부탁드립니다.


감사할 것
1. 이제 준상이와 준서 용돈 챙겨주지 않아도 된다.
2. 준서에게 교회가 어디있는지 알려줄 수 있었다.
3. 교제의 간증에서 직장 자랑을 안 했다.// 입이 근질거리는데 안했다.
4. 대헌이 기도부탁을 솔직하게 할 수 있었다.
5. 이 정인 형제님 축가 참석했다.
6. 내가 노래를 정말 못하는 것은 나중에 똑같이 힘들어하는 다른 형제님들을 돕기 위함임을 알았다.
7. 나는 언젠가 찬양을 잘 할거다.

나는 감사할 게 많다.


너는 내일 일을 자랑하지 말라.
내일 무슨 일이 일어날지 아무도 모르느니라




전체를 본다.
더 넓은 것을 본다.
하나의 나무가 아닌 숲을 본다.
강 태경에게 필요한 일이다.



새로운 직장에서 힘들 것 많겠지.
하지만 버텨낸다.
더 나아가서 직장을 키운다.
그게 내 목표다.
S급이 된다.




","",2,"2023-09-30 오후 5:42:15"
ASPMVC_Practice.Models._TCDiary,1,1513,"2023-04-16 오전 12:00:00","","
2203
나 종한 형제님과 교제를 끝으로 집에 왔다.

회사 사람들을 두려워하지 말아야겠다고 다짐했다.
주님이 이끌어가신다.
그들을 두려워 하지 말라.
그 상황을 두려워 하지 말라.
잘릴 거라 생각하며 무서워 하지 말라.
담대하라.



결혼에 대해 생각한다.
최 은아 자매님
이 희원 자매님
두 자매님을 보는 강 태경이 있다.

후...


2356
언제나 교회 안에 있는 이 희원 자매님
시선이 간다.
아름답다.

교회 정말 안 오시는 최 은아 자매님
왜 안오지???

차라리 나를 피했으면 좋겠다.
나를 피했다면 그 핑계로 이 희원 자매님만 볼 거다.
그런데 그게 아니다.

그저 착한척 하려는 나의 욕심인가?
왜 시선이 가지?
최 은아 자매님께 가능성이 있지 않을까 하는 마음은 왜 갖고 있는 거지?







","",2,"2023-09-30 오후 5:42:15"
ASPMVC_Practice.Models._TCDiary,1,1523,"2023-05-07 오전 12:00:00","","
오늘은 김 영진 목사님께 결혼 상담을 받았다.
이 희원 자매님이 내 마음 속에 있다고 말씀드렸다.



","",2,"2023-09-30 오후 5:42:15"
ASPMVC_Practice.Models._TCDiary,1,1528,"2023-05-29 오전 12:00:00","","
모만한 자: 남을 업신여기고 잘난체 하는 사람.

잠언 29장
1. 모만한자가 되지 말라.
2. 언어에 조급하지 말라.
3. 교만하면 낮아지게 된다.

잠언 30장
스스로 깨끗한 자로 여기면서 오히려 그 더러운 것을 씻지 아니하는 무리가 있느니라


지금의 강태경에게 해당되는 말씀이다.
찬양대에서 기도부탁들 올렸으나 기도를 받지 못하고 있다 생각한다.
찬양대는 거진 끝났다고 생각한다.
새로운 청년들을 유입해서 각성시켜야 한다고 생각한다.
사실 새로 유입된 청년들과 교제하려 한다.
정말 열심히 신앙생활 하려는 청년들과 교제하려 한다.
기존의 청년들을 버릴 생각이다.
나는 교만하다.
내가 멋대로 판단한다.

언어에 조급하다. 
함부로 구원 받는다는 말을 한다.
이게 옳은가?
옳은가???
구원은 내가 판단할 수 없다.

기도 많이 받게 친교부 단톡방 초대해달라고 회장님께 말했다.
이게 옳은가?
왜 친교부 방이 따로 파졌는지 그 이유를 모른다.
그런데 무작정 친교부 방 들어가게 해달라고 한 건 옳지 않다고 생각한다.
그래도 친교부 방이 따로 있는 이유가 있다면 회장님 선에서 거부해 주실 거다.
아버지 조급해서 죄송합니다.
사실... 희원 자매님이 거기 있으니까 들어가고 싶은 마음이 더 생긴 거다.


2247
다행이다.
회장님이 거절해주셨다.
친교부방은 기도부탁하는 방이 아니라고 하셨다.
대신 청년회 임원방에 올려주신다고 하셨다. 

희원 자매님이 보셨겠네 라는 생각 분명히 했다. 
이건 기도에 다른 마음이 있었다는 증거이므로 반성해야 한다. 
희원 자매님께 보이려고 전도하지 말아라 강 태경 
대헌이의 영혼을 생각해라.








","",2,"2023-09-30 오후 5:42:15"
ASPMVC_Practice.Models._TCDiary,1,1532,"2023-06-13 오전 12:00:00","","
2359
좋은 하루는 아니었따.
대허이가 말씀을 들었지만 내일은 안 듣는다고 한다.
내가 오늘 지은 죄, 잘못들로 인해 이렇게 된 건가?
1. 아침에 자위한 것.
2. 이희원 자매님이 보고 싶어서 대헌이 안 보고 봉사한 것.

나를 사랑하는 주님이 계시다.
나는 주님을 바란다.
아니 지금의 나는 주님을 잊었다.
그 사랑을 잊었다. 
그래서 교회임에도 이희원 자매님만 찾는다.
나의 눈은 이희원 자매님을 향한다. 

강태경 교회에 연애 하려고 가냐? 
이희원 자매님 보러 가냐? 
이상한 시그널 보내러 가냐?
그만하는 게 옳다.
자매님께도 안 좋다.
서로 안 좋다.




","",2,"2023-09-30 오후 5:42:15"
ASPMVC_Practice.Models._TCDiary,1,1533,"2023-06-14 오전 12:00:00","","
2359
대헌이가 말씀 들었다.
내일도 듣겠다고 한다.
아버지 감사합니다...

아버지 앞에 바른 모습으로 있을 수 있도록 도와주세요.
그리고 바른 모습의 강태경을 기뻐해 주세요.
그 대가로 대헌이를 구원해주세요.


오늘은 어제의 실수를 알기에 조심했다.
1. 아침에 성적인 죄 안 짓기.
2. 대집회 가면서 기도
""오늘은 이희원 자매님과 만나지 못해도 괜찮습니다.
전도하고 있는 모습을 보여주지 못해도 괜찮습니다.
대헌이와 마지막까지 있겠습니다.""

청소시간에 볼 수 있는 이희원 자매님을 보지 않을 생각이었다.
감사해요... 주님.


","",2,"2023-09-30 오후 5:42:15"
ASPMVC_Practice.Models._TCDiary,1,1535,"2023-06-18 오전 12:00:00","","
2059
하루가 끝나간다.
대헌이는 결국 구원받지 못했다.
나의 아버지 대헌이의 마음을 바꿔주세요.
말씀을 바라도록 도와주세요.

나는 힘들긴 하다.
지치는 순간이 많다.
머리가 아플 때가 많다. 

내가 교제하고 싶은 자매님과 교제할 수 있게 되면 그럼 괜찮아질까?
머리가 아프지 않을까?
아주 잠깐은 괜찮겠지 하지만 오래는 지속되지 않을거라 생각한다.
잠시일거다.
아주 잠깐은 행복할 거라 생각한다.
길진 않을 거다.

지금도... 
지금은 문제라 생각한다.
이희원 자매님을 찾는 강태경이 있다.
교회에서 두리번거린다.
나는 아직 결혼 할 때가 아니다.
아니... 신상 명세서가 제출 됐는데? 
마음을 정리해야 하는가? 
가장 좋은 것은 주님께 맡기는 것이라 하셨다.
주님께 맡기는 것...
나는 아마 이희원 자매님이 예뻐서 좋아하는 거라 생각한다.
외모가 정말 아름답다.
그렇기에 눈이 가는 거다.




","",2,"2023-09-30 오후 5:42:15"
ASPMVC_Practice.Models._TCDiary,1,1538,"2023-06-22 오전 12:00:00","","
2359
성원 형제님과의 공부
이것으로 다시 일어났다.
나를 지혜롭게 해주신 주님을 경험했다.
인스턴스를 성원 형제님이 쉽게 이해했다면 조금 질투났을 것 같다.
잘 알려드리자.
최대한 쉽게 성원형제님께 도움을 드릴 수 있도록 도와주세요.

나는, 나의 실력은 멈춘 것 같았다.
오히려 퇴보하는 것 같았다.
성원 형제님을 도와드리며 깨달았다.
나의 기반인 기술을 쓰지 않고 살았다는 걸 알았다.
기본에 충실하자.

""어떻게 하지?""라는 고민은 멈추자.
이해없이 흘러가던 초조한 생활을 끝내자.
나는 이해 할거다.


이희원 자매님 보고싶다.
나의 눈에 아름답다.
그런데 나를 굳은 얼굴로 바라보실 때면,
나를 피하시는 듯한 모습을 볼 때면 우울하다.
나의 눈에 아름답다.
나의 눈에 아름답기에 마음을 던진 거다.
외모가 아름답기에 마음을 주는 건 싫다.
진심은 아니지만 그래도 싫다고 생각 할거다.
외모는 얼마 가지 않는다.
이 사실을 잊지 말자.

","",2,"2023-09-30 오후 5:42:15"
ASPMVC_Practice.Models._TCDiary,1,1539,"2023-06-23 오전 12:00:00","","
1846
업무는 잘 마무리 되었다.
그리고 지금은 교회다.

1905
결혼식 봉사 기다리고 있다.
결혼이라...
결혼.
나는 결혼을 하고 싶다.

* 성령의 감동을 경험할 수 있는 자매님을 만나고 싶다.
* 우리는 사랑해서 결혼하지 않는다. 결혼해서 사랑한다.
* 강태경은... 

2359
내가 누군가를 사랑할 자격이 있는가?
...있을까?
나는 이리도 이중적인데
죄로 가득한 삶을 사는데 
누군가를 사랑해도 괜찮은가?

희원 자매님이 보고싶다.
외모가 아름답기에 끌리는 것 같다.
보고싶다.
단순히 예뻐서 그런 것 같다.


","",2,"2023-09-30 오후 5:42:15"
ASPMVC_Practice.Models._TCDiary,1,1540,"2023-06-24 오전 12:00:00","","
1456
이제 뭐하지?
커피라도 한 잔 하고 화장실 갈까?

1459
커피는 타왔다.
하지만 화장실은 갈 수 없다. 
근처에 이희원 자매님이 앉아 계셔서 안 된다. 
아니었으면 가는건데...


2359
오늘은 약을 먹지 않고 하루를 보냈다.
0000 ~ 0930: 수면 및 소설 봄.
0930 ~ 1100: 식사, 소설, 샤워
1100 ~ 1115: 교회로
1115 ~ 1130: 축가준비


","",2,"2023-09-30 오후 5:42:15"
ASPMVC_Practice.Models._TCDiary,1,1544,"2023-06-30 오전 12:00:00","","
2359
이희원 자매님에 대한 모든 환상이 깨졌다.
진짜... 깨졌다.
나는 여전히 환상을 보고 있었다.
이희원 자매님이 아닌 환상속의 내가 사랑하고 싶은 이성을 바라보고 있었다.

세상에 완벽한 자매는 없다는 사실을 알았다.
정말로 완벽은 없었다.
허허...

부정적인 어휘
약간 깃들어 있는 짜증.
게으름.

","",2,"2023-09-30 오후 5:42:15"
ASPMVC_Practice.Models._TCDiary,1,1545,"2023-07-01 오전 12:00:00","","
2240 
하루가 끝나간다.
반성할 것이 많은 하루였다.
조금이지만 무언가 깨달았다.
깨달은 것 같다.
나는 자매님을 고를 입장이 아니라는 것.
내가 자매님들을 판단하고 고를 입장이 아니라는 사실을 깨달았다.
주님 안에서 아름다운 영혼들이다.
그들의 허물을 보는 건 옳지 않다.
내 눈의 들보는 보지 못하면서...
다른 자매님들을 판단하는 건 옳지 않다.
옳지 않다.

나는 또다시 교만해졌었다.
나의 직장, 나의 직업.
이것들을 가지고 성도들을 낮게 여긴다.
우스운 일이다.
나의 본성을 발견했다.

결혼... 왜 해야할까?
목적이 있나?

회사에선 웃는데 교회에선 본성 그대로 굳은 얼굴로 판단하며 살아가는 강태경
정말 싫은 모습니다.
많이 실다.

차라리 죄를 들어낸 성도가 더 아름답다.
나는 마치 바리새인 같다.
바리새인...

무덤 속에서 소리지르던 강태경
그 시절을 잊고 있었다.
나보다 악한 성도는 없다.
나보다 주님의 도움이 필요한 성도는 없다.
내가 가장 기만적이고, 악한 마음을 갖고 있다.


2359
최은아 자매님이 내게 차갑게 말하는 모습을 보았다.
그동안 최은아 자매님을 차갑게 대한 대가라 생각한다.
이희원 자매님을 선택하고, 최은아 자매님을 끊어내기 위한 행동들의 결과다.
그런데
마음이 아린 것 같았다.

양심이 없구나


","",2,"2023-09-30 오후 5:42:15"
ASPMVC_Practice.Models._TCDiary,1,1546,"2023-07-02 오전 12:00:00","","
2039
하루가 아쉽다.
바보 같은 하루였다.
정말 바보같다.

은아 자매님...
나에게 차가운 모습을 보이신다. 
내가 먼저 거리를 두었다. 

이희원 자매님만 바라보겠다며 다른 자매님들과 거리를 두었다.
그런데 이희원 자매님의 성격이 마음에 안 든다.
그래서 다시 주변을 두리번 거린다.
그리고 은아 자매님을 다시 봤다. 
이제 은아 자매님은 내게 차갑다.

나는 결혼하려고 교회 다니나보다.
바보같다.
나는 먼저 주님의 나라와 의를 구해야 한다고 한다.
어떻게 하지?

사람에게 보이려고, 사람에게 인정 받으려고 한다. 
왜? 
아마 결혼 때문인 것 같다. 
외적인 것으로 남에게 평가 받으려고 하기 때문이다. 

나에대한 평가를 열심히 올려두는 이유? 
결혼 하려고 그러는 것 같다. 
누구와?
얼굴은 이희원 자매님, 최은아 자매님처럼 아름답고
성격은 잠언의 현숙한 여인
이걸 바란다. 
나는 천사와 결혼하길 바란다.
결혼은 단 한번이기에 그렇다.

천사와 결혼하길 바라는데...
그런데 정말 마음이 아픈 게 나는 인기를 유지하고 싶어 하는 것 같다.
내 멋대로 인기있다 생각하고 그것을 유지하고 싶어 한다.
나는 순종해야 하는 것 같다.
주님께 맡기는 게 가장 좋을 것 같다.

그런데 나이 많거나, 살이 많거나, 외모가 아름답지 않은 자매님을 소개 받을까봐 걱정된다.

나이는 나보다 최소 4살 이상 나길 바란다.
외모는 아름답길 바란다. 
성격도 현숙하길 바란다.

그런데 나는 그정도로 가치가 있는가?
가치가 있는가?
있어?
나는 구원 받기 전 최악의 죄를 지었다. 
미래에 폭탄이 있는 거다.

자매를 고른다.
강태경은 자매님을 고른다. 
주님
나의 주님
자매님을 고르는 강태경이 있습니다.
스스로를 높게 평가하고 자매님을 고르는 강태경이 있습니다.
아버지.




","",2,"2023-09-30 오후 5:42:15"
ASPMVC_Practice.Models._TCDiary,1,1549,"2023-07-07 오전 12:00:00","","
1914
집 도착함.
교회에 폰 두고 옴.
오늘은 만화, 소설, 음란물 다 못본다.
무척 행복한 하루다.

치킨 시켰다.
오면 대헌이라 먹고 빨리 자야겠다.

1935
치킨이 안 온다.
나 요즘 배가 너무 나왔다.
살 빼야함을 느낀다. 

2028
치킨 맛있다.
다이어트는 내일부터다.
아니 내일은 결혼식 밥 먹으니까 일요일부터다.

빨래 돌리고 있따.
다 돌리면 널고 잔다.
하루가 끝나간다.
할 게 없다.
심심하다.

그러고보니 내일 조현진 자매님 결혼식 가는 거.
조인영 집사님 때문에 간다고 했지만 
사실 이희원 자매님 때문에 가는 거였다.
지금이야 콩깍지가 많이 벗겨져서 막 가고싶다는 생각은 들지 않는다.
이희원 자매님 생각도 막 들지 않는다.
예전처럼 원하는 마음은 없다.
마음은?
왜 사라졌더라?
왜 사라진거지?
6월 30일 저녁에 뭘 했더라?
일주일 전인데...
아, 신명열 부서장님 성대모사 하는 걸 봤다.
어떤 일이 있었는지 돌아보자.
내가 왜 갑자기 마음을 돌리는 건지 알 수 있도록 그날을 돌이켜 본다.
1. 내가 가장 먼저 도착했고, 그 다음에 이희원 자매님이 옴.
2. 구원 받기 전 장래희망이 유튜버였다 하는 걸 들음.
3. 라랄 유튜버 성대모사 잘한다고 함.
4. 신명열 부서장님 성대모사 하는데 안 좋아 보였음.
비웃는 것 같았음.
5. 대학부 봉사 끝나고 다음날 하루 종일 잤다고 함.
게을러 보였음.
6. 대학생이 아닌데 대학보 갔다는 말이 조금 자조하는 것처럼 들렸음.
7. ""취업 못해서 미운가봐"" 라는 말 하는 걸 들었다.
이건... 조금 안쓰러웠다.
아마 집에서 듣고 있던 거 아닐까? 
어머니 권태연 자매님이 우울증 있다고 했으니까
충분히 가능성 있다.
나의 어머니, 이모 모두 그랬으니까.
8. 본인은 털털한 성격이라고 한다.
이 말 하는 모습이 안좋아 보였는데 사정이 있지 않을까?
9. 민기 형제님께 대놓고 ""재미없어""라는 말 하는 모습을 봤다.
안 좋은 모습이었다.

그런데 나라고 다를 건 없다.
오히려 내가 더 악한 삶을 살고 있다.








","",2,"2023-09-30 오후 5:42:15"
ASPMVC_Practice.Models._TCDiary,1,1554,"2023-07-14 오전 12:00:00","","
회사에서 의견을 냈다.
조금 볼 수 있게 되어서 의견을 조금씩 내고 있다.
MES 관련으로 김대리님이 실수 해오신 걸 알았다.
MES를 제대로 파악하지 못하심을 알았다.
그래도 화내지 않았다.
악으로 악을 갚지 말라는 로마서 말씀을 읽었기 때문이다.
최대한 사람 좋게 웃으려 노력했다.

김과장님이 SETUP 파일 만드는 거 알아보라 하셨다.

김과장님이 프로그램 만들려면 LOG를 찍어야 한다고 하셨다.

그래서 LOG를 찍을 생각이다.
RansomewareTracker에서 내가 할 일은 간단하다.
1. 성능개선
2. LOG
3. 어제 김과장님과 의견 충돌이 있었다.
MES 관련으로 내가 잘못 인수인계 받는 문제로 의견 차이가 생긴 거였다.
억울했지만 종경대리님을 언급하진 않았다.
 나의 태도가 기분 나쁘시지 않으셨을까?
그런 걱정을 했다.

퇴근 후 교회에 갔다.
친구 초대의 날 봉사를 위해 갔다.
최은아 자매님이 19시에 오셨다.
당황했다.
당연히 안 오실거라 생각했다.
""어쩌면 나 때문에 오신 게 아닐까?""
라는 생각을 했다.
내가 판단 할 게 맞을까....

내가 이런 생각을 하는 게 죄일까?

봉사를 했다.
1. 현수막 설치
2. 포토존 설치
3. 커텐 설치
나는 봉사를 하는 종종 정문을 바라봤다.
정문 밖으로 나가서 두리번거렸다.
이희원 자매님을 기다렸다.
온전한 마음으로 봉사하지 않았다.
나는 계속 기다렸다.
""왜 안오실까?""
보고싶었다.
실망이다 뭐다 했으면서
희원 자매님을 잔뜩 판단했으면서
그냥 보고 싶었다.

예뻐서일까?
항상 교회 안에 있기에, 먼저 와서 기다림을 알기에 신뢰할 수 있어서일까?
항상 전도하심을 알기에 믿을 수 있다는 생각을 해서일까?

겉으로 보이는 신앙에 신뢰를 했디 때문일까?
이유를 특정하기 힘들다.
하지만 마음이 먼저 간 것은 확실하다.

그런데 주님이 주지 않으신다면?
그때엔... 가만히 있어야겠다.
기억하자.
어머니의 구원을 이루어 주신 주님.
해고된 후 연우에 입사시켜주신 주님.
언제나 나에게 가장 좋은 것을 주시는 분임을 안다.
그러니 잠잠히 있자.
","",2,"2023-09-30 오후 5:42:15"
ASPMVC_Practice.Models._TCDiary,1,1555,"2023-07-15 오전 12:00:00","","
1345
아무래도 오늘 머리 자르는 건 무리다.
최소한 한 시간은 더 기다려야 할 것 같다.
집에서 샤워한 후에 교회가면 16시 될 것 같다.


2210
후회되는 하루로 남았다.
후회한다.

0000 ~ 0300: 준서네서 잠 설침.
0300 ~ 0820: 수면
0820 ~ 0930: 뒤척거리다가 어머니와 집으로 출발
0930 ~ 1030: 어머니와 집가다가 나만 병원으로 출발
1030 ~ 1420: 1. 병원진료대기
2. 햄버거 먹음.
3. 판타지 소설 봄
1420 ~ 1440: 집으로
1440 ~ 1520: 1. 어머니 도와서 빨래 갬.
2. 어머니 회사가기 전짜기 p1 찾음
1520 ~ 1710: p1 찾다가 결국 못 찾아서 아무 음란물 켜고 자위함.
1710 ~ 1730: 교회 택시타고 감.
1730 ~ 2100: 친구초대의 날 참여.

교회 갔는데 할 게 없었다.
준비하는 동안 우왕좌왕 했다.
위축됐다.
후회했다.
""이래선 안 됐는데...""라는 후회 
나는 후회했다.
부끄러웠다.
나는 주님을 사랑하는 마음이 필요하다.
무덤속에서 소리치던 강태경을 건져주신 주님
나의 거처가 되어주신 주님.
주님 앞에 잠잠히 무릎꿇게 해주세요.

이희원 자매님을 바라보면 안되는데 바라본다.
신호를 보낸다.
이러면 안 된다.
왜???
이희원자매님이...
이희원 자매님이 주님을 위해 살기 힘들게 만들 수 있다.
내게 호감을 가진 경우의 문제다.
서로를 의식해서 서로 신앙생활을 못할 수 있다.

아까 교육원 식당 앞에서 청소하는 희원 자매님을 봤다.
나의 눈에 아름다웠다.
바라보기에 아름다웠다.
나는 희원 자매님을 바라봤다.

특송하는 이희원 자매님을 바라봤다.
나의 눈에 아름다웠다.
계속 바라봤다.
신호를 보내는 거?
신호를 보내며 이희원 자매님을 본 거다.
부끄러웠다.
나를 의식해서 찬양을 잘하지 못하신다면?
내가 부담스러워서 찬양을 못하신다면?
나는 조금씩 눈을 피했다.
1절에서 이희원 자매님을 보며 웃으며 입모양으로 가사를 읊었다.

권별 형제님께 특송 영상을 받았다.
이희원 자매님...
눈동자가 계속 움직이신다.
내가 부담스러웠을까?
정면에 앉은 내가 뚫어지게 처다봐서 그게 문제일까?
잠잠히...
지금은 7월, 8월은 서로의 신앙을 위해 최대한 마주치지 않는 게 좋다.
서로가 서로에게 도움이 안 된다.
나는 최대한 희원 자매님이 있는 곳을 피한다.
그게 될까?
아버지 가능할까요?
나는 찬양에 집중한다.
내게 주어진 봉사에 집중한다.
그러면 될 것 같다.
연습중에 이탈해서 로비에 앉있는 행동.
이희원 자매님이 로비에 나오시길 기다리는 행동
이 행동을 멈춘다.















","",2,"2023-09-30 오후 5:42:15"
ASPMVC_Practice.Models._TCDiary,1,1556,"2023-07-16 오전 12:00:00","","
0040
잠이 오지 않는다.
오랜만이다.
나의 생활이 망가질 떄.
그건 죄를 지었을 때이다.
나는 죄를 지었다.
그래서 생활이 망가진 거다.
죄가 나를 망가뜨린다.
나는 사랑이 부족하다.

생각했다.
만약 이희원 자매님을 소개 받는다면 나는 어떻게 행동할까? 
직장을 어필했을 거다.
지금의 강태경은 분명 직장을 어필했을 거다.
마음을 사기 위해 노력했을 거다.
공작새 같은 모습으로 움직인다.
이는 분명하다.

","",2,"2023-09-30 오후 5:42:15"
ASPMVC_Practice.Models._TCDiary,1,1563,"2023-07-24 오전 12:00:00","","
1956
하루가 끝나간다.
오늘 하루 여러 일이 있었다.
1. 생각보다 덤덤했던 일
  1) 팀장님의 짜증에 생각보다 덤덤하게 반응할 수 있었다.
  그냥 짜증내는구나 했다. 
2. 희원 자매님, 은아 자매님 사이에서 계속 갈등했다.


","",2,"2023-09-30 오후 5:42:15"
